id,is_match
7221#7218,1.0
2393#2398,1.0
2509#2510,1.0
3695#3700,-1.0
15918#15955,-1.0
12816#12817,-1.0
4007#3998,-1.0
452083#820571,-1.0
9989#9990,-1.0
199#200,1.0
9028#9033,1.0
1972#1976,1.0
1992#1998,1.0
2785#2792,1.0
1135#1138,1.0
1169#1144,1.0
11518#11519,1.0
13490#13491,-1.0
721#722,-1.0
11395#11396,-1.0
1150#1165,1.0
6136#6140,1.0
510770#651875,-1.0
8803#8805,-1.0
2138#2136,1.0
8916#8924,1.0
1050#1045,1.0
5600#5612,-1.0
6971#6972,1.0
2210#2230,1.0
985#991,1.0
1144#1157,1.0
2194#2209,1.0
6135#6140,1.0
2198#2202,1.0
1144#1159,1.0
1691#1695,1.0
14746#14747,-1.0
9032#9039,1.0
11989#11990,-1.0
1560#1562,1.0
11372#11373,1.0
3473#3479,-1.0
1262#1278,1.0
5603#5613,-1.0
14075#14076,-1.0
9028#9039,1.0
9209#9210,-1.0
1252#1264,1.0
569#571,1.0
7307#7321,1.0
1593#1597,1.0
2368#2370,1.0
8247#8248,-1.0
11053#11054,-1.0
101#100,1.0
687#686,1.0
597#607,-1.0
1253#1278,1.0
9201#9202,-1.0
13701#13702,-1.0
1824#1829,1.0
3332#3333,1.0
8164#8166,-1.0
9120#9121,-1.0
11884#11885,-1.0
9917#9918,-1.0
8169#8166,-1.0
2876#2874,1.0
10161#10162,-1.0
1510#1506,1.0
3635#3638,-1.0
661#670,1.0
990#991,1.0
11704#11705,-1.0
46#47,1.0
1381#1379,1.0
641#648,-1.0
1997#2001,1.0
1257#1267,1.0
13976#11929,-1.0
12609#12610,-1.0
12106#12107,-1.0
2822#2835,1.0
1257#1258,-1.0
2035#2034,1.0
10328#10329,-1.0
8347#8349,-1.0
13689#12206,-1.0
2761#2762,1.0
761#763,1.0
8246#8253,1.0
3364#3366,-1.0
1201#1203,1.0
897#892,1.0
1651#1658,1.0
2511#2509,1.0
11265#11266,-1.0
70#71,1.0
2010#2022,1.0
1895#1899,1.0
2205#2224,1.0
5646#5651,1.0
3690#3691,-1.0
1255#1272,1.0
9237#9238,1.0
2919#2922,1.0
8352#8355,-1.0
7305#7320,1.0
10904#10905,-1.0
88#93,1.0
2208#2224,1.0
2442#2452,1.0
6133#6140,1.0
1361#1363,1.0
876#879,1.0
9149#9150,1.0
11061#11062,-1.0
896#894,1.0
9536#9537,-1.0
347#351,1.0
1309#1311,1.0
7776#7777,1.0
8587#8588,-1.0
8889#8891,1.0
961#967,1.0
2972#2973,1.0
2819#2835,1.0
2806#2807,1.0
9012#9013,1.0
3724#3725,-1.0
4188#4189,1.0
4329#4333,-1.0
7294#7320,1.0
8363#8359,-1.0
12599#12600,1.0
13310#13311,-1.0
2035#2043,1.0
1144#1171,1.0
2221#2226,1.0
8029#8030,-1.0
1644#1654,1.0
2198#2203,1.0
455#456,-1.0
986#988,1.0
1251#1255,1.0
8853#8856,1.0
1798#1795,1.0
7321#7302,1.0
6992#6996,1.0
1370#1360,1.0
8891#8892,1.0
8949#8961,1.0
8248#8263,-1.0
800#807,1.0
9040#9052,1.0
8163#8166,-1.0
804#807,1.0
3690#3694,-1.0
4013#4014,-1.0
4333#4344,1.0
2416#2426,1.0
5573#5579,1.0
1212#1218,1.0
2049#2058,1.0
781#784,-1.0
4001#4002,-1.0
2502#2503,1.0
453#456,-1.0
1394#1405,-1.0
2205#2230,1.0
1389#1394,1.0
1713#1716,1.0
168#173,-1.0
13852#13853,1.0
13434#13435,-1.0
2136#2142,1.0
648#649,1.0
1939#1946,1.0
610#604,-1.0
3040#3041,1.0
13790#13791,-1.0
3420#3421,1.0
2213#2227,1.0
451#453,-1.0
13372#13373,-1.0
1212#1215,1.0
460612#815808,-1.0
7603#7604,1.0
2034#2031,1.0
801#804,-1.0
4022#4023,1.0
955#954,1.0
1155#1165,1.0
2198#2209,1.0
5151#5152,-1.0
4134#4135,-1.0
1827#1831,1.0
5677#5682,1.0
99#104,1.0
3634#3649,-1.0
9227#9228,1.0
4868#4869,1.0
7818#7820,1.0
4675#4676,1.0
1701#1703,1.0
1264#1275,1.0
13567#13568,-1.0
1146#1163,1.0
4116#4118,-1.0
6836#6837,1.0
1848#1858,1.0
2317#2318,-1.0
8918#8923,1.0
13581#13582,-1.0
1146#1150,1.0
3634#3638,-1.0
2792#2796,1.0
2192#2209,1.0
8246#8258,-1.0
643#648,1.0
3303#3304,1.0
1178#1181,1.0
14958#14959,-1.0
1976#1978,1.0
2450#2445,1.0
12846#12847,-1.0
1342#1348,1.0
7370#7372,1.0
8030#8026,-1.0
2252#2254,1.0
1302#1308,1.0
2557#2559,1.0
11291#11292,-1.0
2898#2900,1.0
2189#2224,1.0
1774#1772,1.0
5601#5607,-1.0
2210#2226,-1.0
6633#6634,1.0
8347#8351,-1.0
14323#14324,1.0
2832#2835,1.0
3487#3489,-1.0
778#784,1.0
7293#7305,1.0
2189#2209,1.0
7412#7414,1.0
1050#1054,1.0
2330#2331,-1.0
984#986,1.0
2507#2521,1.0
2209#2222,1.0
964#967,1.0
2218#2226,-1.0
2116#2123,1.0
2190#2207,1.0
2191#2213,1.0
7668#7666,1.0
1255#1275,-1.0
1698#1702,1.0
1822#1829,1.0
3038#3039,1.0
6951#6952,1.0
12269#12270,-1.0
8958#8963,1.0
6805#6807,1.0
2512#2509,1.0
2199#2226,1.0
9019#9021,1.0
2136#2137,1.0
1264#1266,1.0
2190#2200,1.0
1384#1373,1.0
13498#13499,-1.0
3798#3799,1.0
8853#8855,1.0
3655#3656,-1.0
12681#12682,1.0
11384#11385,1.0
2031#2037,1.0
1786#1789,1.0
8949#8959,1.0
3220#3221,1.0
12448#12449,-1.0
12193#12194,-1.0
1257#1276,1.0
6133#6137,1.0
8352#8354,-1.0
2193#2230,1.0
8918#8924,1.0
2255#2257,1.0
2225#2226,1.0
11687#11688,-1.0
2133#2143,1.0
10729#10730,-1.0
2400#2398,1.0
402#403,1.0
2010#2018,1.0
1111#1105,1.0
1940#1946,1.0
801#807,-1.0
2549#2553,1.0
9481#9482,-1.0
6494#6495,1.0
610#598,-1.0
1264#1267,1.0
8949#8953,-1.0
1591#1597,1.0
3523#3526,-1.0
8898#8901,1.0
2401#2395,1.0
8953#8963,1.0
2391#2401,1.0
193233#518970,-1.0
1996#1998,1.0
169#172,1.0
2193#2198,1.0
1108#1114,1.0
2197#2224,1.0
2202#2230,1.0
1108#1105,1.0
6629#6630,1.0
2293#2295,-1.0
1648#1646,1.0
11864#11865,1.0
3691#3695,-1.0
8740#8745,1.0
2206#2233,1.0
1321#1318,-1.0
8987#9008,1.0
610#613,-1.0
11775#11776,-1.0
15128#15155,1.0
8705#8706,1.0
1253#1281,-1.0
2248#2252,-1.0
1369#1360,1.0
8898#8905,1.0
3487#3495,-1.0
7635#7637,1.0
5119#5120,1.0
727#729,1.0
1148#1165,1.0
14753#14754,-1.0
1359#1360,1.0
1774#1769,1.0
9757#9758,1.0
2397#2398,1.0
67#77,1.0
6498#6499,1.0
2385#2361,1.0
2213#2225,1.0
11942#11943,-1.0
1373#1378,1.0
7159#7160,1.0
1251#1278,1.0
8740#8746,1.0
2190#2201,1.0
3728#3729,-1.0
5641#5651,1.0
6129#6140,1.0
13308#13309,-1.0
1394#1412,-1.0
2192#2206,1.0
452634#818476,-1.0
7251#7252,1.0
11942#11943,-1.0
642#648,1.0
3917#3918,-1.0
9493#9494,-1.0
8166#8187,-1.0
1262#1281,1.0
3656#3662,-1.0
7857#7858,1.0
2823#2835,1.0
799#810,1.0
820#825,1.0
1651#1657,1.0
1673#1676,1.0
9462#9463,1.0
2879#2887,1.0
869#879,1.0
2224#2225,1.0
8361#8352,-1.0
2458#2477,1.0
2133#2134,1.0
4649#4650,-1.0
802#804,1.0
8949#8964,-1.0
2365#2370,1.0
15010#15011,-1.0
8026#8034,-1.0
4130#4140,-1.0
2188#2198,1.0
8784#8785,1.0
5597#5607,-1.0
385#387,1.0
3952#3948,-1.0
14337#14338,-1.0
2867#2869,-1.0
2316#2319,-1.0
9550#9551,1.0
14403#14404,-1.0
2190#2209,1.0
1144#1148,1.0
1253#1255,1.0
7308#7320,1.0
3486#3489,-1.0
875#877,1.0
950#948,1.0
3947#3948,-1.0
2196#2213,1.0
1173#1178,1.0
14252#13927,-1.0
8948#8963,1.0
2786#2796,1.0
7665#7668,1.0
456#458,1.0
8373#8375,-1.0
7321#7318,1.0
11659#11660,-1.0
12198#12199,-1.0
1545#1551,1.0
1369#1363,1.0
8917#8918,1.0
7532#7533,1.0
14339#14340,-1.0
2009#2029,1.0
1257#1281,1.0
8810#8813,1.0
2450#2449,1.0
8114#8113,-1.0
5831#5832,-1.0
8417#8418,-1.0
9858#9859,1.0
7159#7164,1.0
12987#12988,-1.0
6469#6470,1.0
5679#5682,1.0
8631#8632,1.0
2035#2038,1.0
2136#2139,1.0
1558#1566,1.0
1991#1997,1.0
8754#8755,1.0
1262#1277,-1.0
14250#14251,-1.0
2029#2020,1.0
4258#4259,1.0
2387#2401,1.0
9080#9085,1.0
7036#7037,1.0
8364#8351,-1.0
15288#15278,-1.0
5009#5010,-1.0
1690#1695,1.0
327#13,1.0
3691#3694,-1.0
1848#1861,1.0
2475#2477,1.0
8348#8352,-1.0
2499#2502,1.0
5611#5613,1.0
3269#3270,1.0
2190#2234,-1.0
7299#7320,1.0
12624#12625,-1.0
5129#5130,-1.0
8252#8270,-1.0
2920#2922,1.0
2292#2295,-1.0
3513#3523,-1.0
2464#2477,1.0
2856#2864,1.0
2039#2037,1.0
1479#1481,1.0
8248#8254,-1.0
6232#6234,1.0
8156#8157,1.0
1177#1186,1.0
9205#9206,-1.0
2203#2230,1.0
3654#3656,-1.0
11165#11166,-1.0
1507#1509,1.0
8760#8762,1.0
12849#12850,1.0
1674#1678,1.0
8748#8740,1.0
38774#526280,-1.0
6234#6235,1.0
335#337,1.0
6995#6992,1.0
2376#2361,1.0
5687#5685,1.0
2856#2865,1.0
452#456,1.0
12405#12406,-1.0
8103#8100,-1.0
5365#5366,-1.0
8557#8813,1.0
7644#7646,1.0
9996#9997,-1.0
8949#8962,1.0
1124#1135,1.0
8166#8183,-1.0
8250#8270,-1.0
7481#7483,1.0
6934#6939,1.0
1577#1578,1.0
1981#1989,1.0
3209#3210,1.0
2079#2080,1.0
10438#10439,-1.0
2195#2213,1.0
6133#6136,1.0
621#623,1.0
8949#8960,1.0
12763#12764,1.0
8152#8153,-1.0
12839#12840,-1.0
6667#6670,1.0
3487#3488,-1.0
617758#738275,1.0
8855#8860,1.0
1976#1980,1.0
11263#11264,-1.0
347#348,1.0
1262#1285,-1.0
11353#11354,-1.0
2272#2265,-1.0
3694#3702,-1.0
9028#9024,1.0
6668#6670,1.0
7319#7320,1.0
1144#1152,1.0
9915#9916,-1.0
1373#1375,1.0
2388#2397,1.0
13737#14260,-1.0
1760#1761,1.0
2194#2190,1.0
3691#3700,-1.0
1216#1212,1.0
5541#5548,1.0
10916#10917,-1.0
1071#1060,-1.0
7411#7412,1.0
5962#5963,1.0
1251#1265,1.0
6510#6509,1.0
1366#1360,1.0
7321#7298,1.0
1318#1324,1.0
7986#7987,1.0
3704#3705,-1.0
2291#2295,-1.0
6451#6453,1.0
2831#2835,1.0
1152#1165,1.0
3689#3691,-1.0
11566#11567,1.0
2209#2225,1.0
9028#9029,1.0
4233#4238,-1.0
621#625,1.0
14463#14464,-1.0
10825#10826,-1.0
456#452,1.0
6741#6742,1.0
3542#3544,1.0
15862#15863,1.0
1257#1255,1.0
2031#2043,1.0
1170#1165,1.0
2555#2559,1.0
2193#2195,1.0
9705#9706,-1.0
1835#1837,1.0
720#722,-1.0
1986#1980,1.0
9711#9712,1.0
2921#2922,1.0
597#608,-1.0
2198#2205,1.0
1251#1282,1.0
2010#2017,-1.0
8981#8993,1.0
761#768,1.0
1260#1262,1.0
626#621,1.0
1827#1829,1.0
7293#7312,1.0
12118#12180,-1.0
6830#6828,1.0
5579#5576,1.0
2293#2296,-1.0
6508#6509,1.0
1905#1903,1.0
8756#8762,1.0
8174#8176,-1.0
16071#15781,-1.0
2198#2221,1.0
7897#7898,-1.0
2196#2195,1.0
2898#2904,1.0
2554#2562,-1.0
688#690,1.0
8806#8807,-1.0
7548#7549,1.0
1479#1490,1.0
2031#2032,1.0
1984#1981,1.0
1194#1195,1.0
1071#1081,1.0
6202#6203,1.0
2416#2420,1.0
2876#2878,1.0
8915#8918,1.0
7303#7321,1.0
10342#10343,-1.0
7293#7318,1.0
1009#1004,1.0
2803#2806,1.0
2208#2209,1.0
2201#2230,1.0
13418#13419,-1.0
12874#12875,-1.0
7046#7047,1.0
1716#1717,1.0
1255#1271,1.0
2406#2409,1.0
453#457,1.0
1848#1849,1.0
8876#8878,1.0
11033#11034,-1.0
1394#1406,-1.0
2460#2477,1.0
2226#2234,1.0
8351#8357,-1.0
8248#8269,-1.0
6203#6207,1.0
7804#7805,1.0
15621#15622,-1.0
4637#4638,1.0
3695#3704,-1.0
8802#8803,-1.0
12371#12007,-1.0
2860#2865,1.0
12371#12372,1.0
9790#9791,-1.0
1144#1149,1.0
2796#2797,1.0
4847#4848,1.0
11247#11248,-1.0
3695#3705,-1.0
14069#14070,-1.0
2924#2925,1.0
3726#3733,-1.0
6803#6805,1.0
1774#1766,1.0
2195#2192,1.0
1693#1695,1.0
2552#2562,1.0
1399#1394,1.0
12323#12324,-1.0
1419#1426,1.0
3906#3907,1.0
14641#14642,-1.0
1905#1898,1.0
8016#8014,-1.0
452#453,1.0
1647#1649,1.0
2787#2796,1.0
14174#14175,-1.0
2195#2208,1.0
2207#2226,1.0
3634#3562,-1.0
8981#8984,1.0
9030#9039,1.0
2768#2796,1.0
7863#7864,1.0
8812#8816,1.0
197#199,1.0
2029#2021,1.0
7347#7348,1.0
6090#6091,-1.0
67#68,1.0
2211#2230,1.0
8798#8799,-1.0
1976#1983,1.0
2190#2192,1.0
7649#7650,1.0
8952#8956,1.0
142171#224666,-1.0
2189#2206,1.0
8751#8755,1.0
4401#4402,1.0
15007#15008,-1.0
4677#4678,1.0
2209#2226,1.0
2206#2220,1.0
1899#1903,1.0
2632#2636,-1.0
2190#2227,1.0
8553#8554,-1.0
2517#2521,1.0
9128#9129,1.0
8981#9000,1.0
1257#1287,1.0
1262#1272,1.0
229#230,1.0
15991#15980,1.0
8916#8921,1.0
3696#3705,-1.0
2196#2230,1.0
3821#3826,1.0
12839#12907,-1.0
8851#8855,1.0
6030#6031,1.0
1529#1530,1.0
2423#2424,1.0
1697#1703,1.0
1980#1982,1.0
8362#8352,-1.0
9211#9212,-1.0
1821#1822,1.0
14888#14847,1.0
9647#9648,-1.0
1798#1801,1.0
2362#2363,1.0
7086#7087,1.0
8874#8878,1.0
6633#6631,1.0
9157#9158,1.0
2561#2562,-1.0
2272#2278,-1.0
8248#8255,-1.0
6111#6112,1.0
4135#4139,-1.0
661#665,-1.0
1253#1269,1.0
8747#8740,1.0
1827#1828,1.0
70#73,1.0
8166#8192,-1.0
2302#2303,-1.0
2079#2082,1.0
1688#1695,1.0
1372#1379,1.0
4413#4414,-1.0
2190#2223,1.0
1253#1262,-1.0
933#934,1.0
1565#1566,1.0
2789#2792,1.0
8203#8166,-1.0
2220#2230,1.0
245#246,1.0
2197#2206,1.0
2193#2190,1.0
2509#2514,1.0
550#551,1.0
14379#14380,-1.0
736#732,1.0
1255#1260,1.0
15089#15078,-1.0
8792#8790,-1.0
8174#8190,-1.0
9028#9025,1.0
456#462,1.0
14902#14903,-1.0
1263#1262,1.0
8838#8843,1.0
8780#8784,1.0
8792#8794,-1.0
9028#9031,1.0
727#736,1.0
2521#2522,1.0
2441#2450,1.0
7800#7801,1.0
1140#1165,-1.0
1971#1980,1.0
4743#4744,1.0
11886#11887,-1.0
2519#2521,1.0
1133#1135,1.0
2190#2213,1.0
1993#1998,1.0
3728#3731,-1.0
1774#1773,1.0
6835#6836,1.0
8198#8174,-1.0
341#342,1.0
2197#2209,1.0
734#735,1.0
2206#2229,1.0
11784#11785,-1.0
1251#1268,1.0
1270#1253,1.0
2506#2521,1.0
3487#3493,-1.0
11984#11985,1.0
199#201,1.0
621#622,1.0
7169#7218,1.0
1115#1120,1.0
661#667,1.0
6762#6764,1.0
1905#1899,1.0
453#465,-1.0
14868#14849,-1.0
7321#7296,1.0
1255#1280,1.0
2215#2224,1.0
2674#2681,1.0
1646#1658,1.0
2791#2792,1.0
2147#2150,1.0
1130#1135,1.0
1997#2002,1.0
3694#3705,-1.0
331#334,1.0
11741#11742,-1.0
2229#2224,1.0
1212#1209,1.0
384835#552586,-1.0
1983#1981,1.0
4449#4450,1.0
1164#1146,1.0
8956#8964,1.0
1763#1774,1.0
13067#13068,-1.0
1646#1645,1.0
13#14,1.0
8416#8417,-1.0
12531#12532,1.0
361#363,1.0
761#766,1.0
2250#2255,1.0
8768#8773,1.0
2029#2019,1.0
2039#2031,1.0
1140#1144,1.0
552#553,1.0
12795#12796,-1.0
7744#7745,1.0
5605#5612,-1.0
8809#8816,1.0
3470#3473,-1.0
2540#2546,1.0
342#346,1.0
5781#5782,1.0
7293#7304,1.0
1507#1508,1.0
4116#4121,-1.0
3473#3482,-1.0
14451#14452,-1.0
2195#2224,1.0
1250#1257,-1.0
2195#2210,1.0
7714#7715,1.0
12054#12055,1.0
4537#4538,1.0
2202#2213,1.0
89#93,1.0
11908#11909,-1.0
12655#12656,-1.0
4131#4134,-1.0
645#648,1.0
727#733,1.0
8918#8925,1.0
15#17,-1.0
11714#11715,-1.0
195#199,1.0
789#792,1.0
12738#12739,-1.0
4131#4135,-1.0
3641#3634,-1.0
10890#10891,-1.0
2470#2477,1.0
9471#9472,-1.0
1146#1151,1.0
15010#15012,-1.0
8759#8762,-1.0
11385#11386,-1.0
2206#2219,1.0
8346#8351,-1.0
3739#3740,-1.0
11177#11178,-1.0
11924#12379,-1.0
14301#14302,-1.0
12735#12544,-1.0
1270#1262,1.0
4004#3998,-1.0
633#634,1.0
2459#2477,1.0
2219#2230,1.0
3707#3695,-1.0
3538#3532,-1.0
2191#2198,1.0
2205#2209,1.0
9040#9051,1.0
3692#3705,-1.0
2898#2910,1.0
12962#12963,-1.0
2430#2423,1.0
6109#6110,-1.0
8853#8851,1.0
2209#2219,1.0
5859#5860,1.0
1394#1407,1.0
2552#2559,1.0
11727#11728,-1.0
7207#7210,1.0
1251#1259,1.0
1071#1073,1.0
2449#2452,1.0
12738#12739,-1.0
2201#2209,1.0
6635#6633,1.0
8246#8264,-1.0
10460#10461,-1.0
8029#8034,-1.0
5685#5688,1.0
5635#5638,1.0
5607#5613,-1.0
15999#15979,-1.0
12454#12455,1.0
2230#2232,1.0
2198#2212,1.0
7670#7671,1.0
219156#847795,-1.0
12373#12374,1.0
8891#8905,1.0
1762#1767,1.0
2035#2044,1.0
2229#2230,1.0
8848#8855,1.0
11966#12438,-1.0
15113#15114,-1.0
2553#2551,1.0
2209#2220,1.0
8246#8269,-1.0
10340#10341,-1.0
2190#2211,1.0
7234#7235,1.0
8878#8887,1.0
15443#15444,-1.0
7804#7806,1.0
5579#5578,1.0
8918#8930,1.0
2195#2203,1.0
3635#3637,-1.0
458#465,1.0
1118#1120,1.0
15059#15086,-1.0
4467#4468,1.0
1007#1004,1.0
8987#8997,1.0
2551#2562,1.0
1108#1109,1.0
727#728,1.0
5677#5686,1.0
597#606,-1.0
229#232,1.0
6882#6883,1.0
8852#8855,1.0
3473#3478,-1.0
811#810,-1.0
8266#8270,-1.0
7159#7165,1.0
1848#1859,1.0
10394#10395,-1.0
8782#8784,-1.0
11357#11358,-1.0
733#735,1.0
5682#5676,1.0
3691#3692,-1.0
1981#1982,1.0
8248#8258,-1.0
2032#2037,1.0
5597#5612,-1.0
1645#1651,1.0
15994#15995,-1.0
14134#14135,-1.0
8037#8034,-1.0
8775#8786,1.0
11635#11636,-1.0
3543#3544,1.0
5614#5612,-1.0
1838#1842,1.0
12533#12534,-1.0
5607#5612,-1.0
2407#2409,1.0
2136#2144,1.0
14287#14288,-1.0
5648#5651,1.0
12155#12156,-1.0
7156#7159,1.0
5683#5685,1.0
3634#3635,-1.0
2443#2450,1.0
1193#1194,1.0
14154#14155,1.0
13942#13943,-1.0
2498#2495,1.0
8261#8270,-1.0
689#691,1.0
9023#9039,1.0
2272#2267,-1.0
2886#2887,1.0
8853#8849,-1.0
1649#1657,1.0
1419#1416,1.0
7293#7321,1.0
8197#8166,-1.0
7311#7320,1.0
6203#6204,1.0
9556#9557,1.0
8740#8744,1.0
1270#1257,1.0
6368#6369,1.0
8853#8848,1.0
2480#2500,1.0
737#810,1.0
5606#5613,-1.0
2202#2206,1.0
12663#12664,-1.0
1964#1970,-1.0
8951#8949,1.0
9501#9502,-1.0
1264#1271,1.0
8954#8963,-1.0
727#732,1.0
1251#1253,1.0
1444#1452,1.0
5607#5611,-1.0
7919#7920,-1.0
4014#4016,-1.0
2200#2226,1.0
8878#8879,1.0
15966#15967,-1.0
597#601,-1.0
2195#2198,1.0
1157#1165,1.0
8888#8891,1.0
2000#2001,1.0
2860#2864,1.0
661#663,1.0
5610#5612,-1.0
895#899,1.0
9024#9039,1.0
1762#1765,1.0
2416#2428,1.0
1762#1764,1.0
2553#2559,1.0
10311#10312,-1.0
10066#10067,1.0
1559#1560,1.0
9013#9018,1.0
4837#4838,1.0
12262#12263,-1.0
6456#6382,1.0
8981#8983,1.0
5676#5685,1.0
2249#2252,1.0
5638#5647,1.0
7225#7228,1.0
7848#7846,-1.0
2415#2423,1.0
2190#2191,1.0
2805#2806,1.0
453#461,1.0
7293#7316,1.0
12890#12891,1.0
3634#3636,-1.0
9247#9248,1.0
8246#8256,-1.0
597#598,-1.0
2561#2559,-1.0
7293#7296,1.0
2450#2446,1.0
2189#2226,-1.0
7293#7303,1.0
7321#7311,1.0
3691#3705,-1.0
1650#1654,1.0
4004#4001,-1.0
6969#6972,1.0
7159#7167,1.0
1108#1113,1.0
15860#15866,1.0
8246#8255,-1.0
5658#5665,1.0
484#489,1.0
1263#1251,-1.0
7088#7090,1.0
14583#14584,-1.0
11741#11742,1.0
507949#713949,-1.0
2469#2477,1.0
9028#9023,1.0
2467#2477,1.0
462318#584150,-1.0
2361#2386,-1.0
1264#1279,1.0
8891#8900,1.0
2556#2559,1.0
1147#1165,1.0
465#462,1.0
2190#2220,1.0
2211#2213,1.0
3522#3523,-1.0
4005#4001,-1.0
14952#14953,-1.0
8779#8784,1.0
1370#1363,1.0
2206#2217,1.0
2213#2228,1.0
1570#1577,1.0
591#592,-1.0
8030#8032,-1.0
1984#1980,1.0
67#73,1.0
2859#2864,1.0
810#807,-1.0
8186#8174,-1.0
7877#7880,-1.0
745716#880662,-1.0
4014#4015,-1.0
7040#7041,1.0
4038#4036,-1.0
2209#2218,1.0
1758#1760,1.0
4585#4586,1.0
1263#1264,-1.0
8347#8356,-1.0
2416#2429,1.0
2209#2221,1.0
4933#4934,-1.0
13160#13161,-1.0
4987#4988,1.0
70#77,1.0
7920#7923,-1.0
13827#13828,-1.0
3646#3648,-1.0
1762#1763,1.0
2784#2792,1.0
3656#3658,-1.0
3250#3252,1.0
8853#8858,1.0
11857#13670,1.0
866#867,1.0
12993#12994,-1.0
1860#1861,1.0
6132#6140,1.0
1311#1313,1.0
8082#8084,-1.0
800#808,1.0
5533#5534,-1.0
2080#2088,1.0
5682#5686,1.0
4597#4598,1.0
12415#12395,1.0
1256#1262,1.0
2079#2087,1.0
1255#1266,1.0
3486#3487,-1.0
7293#7310,1.0
1510#1507,1.0
3652#3656,-1.0
1264#1253,1.0
4236#4237,-1.0
3728#3727,-1.0
1983#1980,1.0
3691#3699,-1.0
8375#8376,-1.0
7321#7316,1.0
1071#1079,1.0
3821#3824,1.0
1257#1271,1.0
12111#12112,-1.0
2053#2058,1.0
7353#7354,1.0
5823#5824,-1.0
2824#2835,1.0
9093#9095,1.0
6139#6140,1.0
469304#783961,-1.0
3695#3697,-1.0
1111#1110,1.0
9014#9021,1.0
1828#1830,1.0
1163#1165,-1.0
2055#2058,1.0
10020#10021,-1.0
8762#8763,1.0
1342#1349,1.0
9080#9081,1.0
8170#8174,-1.0
7218#7220,1.0
2318#2319,-1.0
2800#2794,1.0
3939#3941,-1.0
8963#8964,1.0
7036#7039,1.0
3692#3694,-1.0
3695#3698,-1.0
3325#3326,1.0
10832#10833,-1.0
1144#1161,1.0
1560#1561,1.0
1144#1163,1.0
11900#11901,-1.0
8949#8965,1.0
5235#5236,1.0
8349#8352,-1.0
1891#1899,1.0
6775#6776,1.0
7320#7297,1.0
1177#1178,1.0
2035#2030,1.0
5061#5062,1.0
1419#1423,1.0
5809#5810,-1.0
1196#1203,1.0
597#614,-1.0
957#960,1.0
8891#8895,1.0
11565#11566,-1.0
4864#4865,1.0
4939#4940,-1.0
13#333,1.0
413#420,1.0
3539#3540,1.0
1443#1444,1.0
8347#8350,-1.0
7878#7880,-1.0
4000#3998,-1.0
12028#12029,-1.0
7321#7308,1.0
6366#6369,1.0
4102#4107,-1.0
67#71,1.0
6337#6338,1.0
7710#7711,1.0
14010#14011,-1.0
1587#1589,1.0
4044#4048,-1.0
10745#10746,-1.0
11852#11853,-1.0
4000#4001,-1.0
10516#10517,-1.0
14678#14679,-1.0
1164#1165,1.0
9040#9055,1.0
2826#2835,1.0
13067#13068,-1.0
1905#1892,1.0
356#363,1.0
1264#1251,1.0
70#76,1.0
5607#5609,-1.0
5683#5686,1.0
1140#1146,1.0
3529#3530,1.0
2672#2674,1.0
6078#6079,-1.0
2420#2423,1.0
1661#1664,1.0
1252#1253,1.0
8347#8353,-1.0
1143#1165,1.0
7153#7159,1.0
8246#8248,-1.0
8850#8855,1.0
12395#12396,-1.0
885#887,1.0
14196#14197,-1.0
8391#8393,1.0
1185#1186,1.0
1144#1162,1.0
5682#5685,1.0
2657#2674,1.0
1363#1366,1.0
2189#2198,-1.0
597#599,-1.0
1507#1512,1.0
1254#1262,1.0
4045#4048,-1.0
1144#1156,1.0
4111#4116,-1.0
337#338,1.0
11663#11664,-1.0
399#405,-1.0
8987#8998,1.0
2858#2865,1.0
1774#1771,1.0
15043#15025,-1.0
2078#2079,1.0
5167#5168,-1.0
331#333,1.0
14313#12479,-1.0
723#724,-1.0
6203#6211,1.0
2227#2230,1.0
858#867,1.0
1373#1388,1.0
2198#2206,1.0
2223#2226,1.0
166#168,1.0
141259#841801,-1.0
647#648,1.0
6686#6682,1.0
10372#10373,-1.0
2248#2255,-1.0
1359#1363,1.0
9348#9349,-1.0
452#465,1.0
12028#12029,-1.0
1569#1577,1.0
2206#2216,1.0
2398#2399,1.0
15268#15251,-1.0
8419#8420,-1.0
2203#2226,1.0
934#935,1.0
1762#1768,1.0
9035#9039,1.0
8352#8359,-1.0
1257#1262,-1.0
9625#9626,-1.0
4897#4898,1.0
6988#6990,1.0
8855#8859,-1.0
9257#9258,1.0
2416#2423,1.0
1587#1588,1.0
1253#1276,1.0
2010#2014,1.0
39474#112790,-1.0
8174#8182,-1.0
610#609,-1.0
2034#2038,1.0
4126#4135,-1.0
8987#8999,1.0
1899#1904,1.0
2433#2435,1.0
1120#1121,1.0
5686#5689,1.0
2867#2868,1.0
4333#4335,1.0
8873#8878,1.0
347#352,1.0
13250#13251,-1.0
12070#12071,-1.0
2252#2260,1.0
804#809,1.0
1212#1220,1.0
1419#1421,1.0
12268#12269,-1.0
7315#7320,1.0
513#514,1.0
1262#1267,-1.0
2706#2708,1.0
7547#7548,1.0
4130#4135,-1.0
7336#7337,1.0
5219#5220,-1.0
3634#3640,-1.0
227003#482041,-1.0
395#396,1.0
15412#15359,-1.0
1765#1774,1.0
2866#2868,1.0
12723#12492,-1.0
1257#1277,-1.0
1257#1278,1.0
1252#1255,1.0
5664#5665,1.0
5599#5607,-1.0
1965#1970,1.0
9011#9013,1.0
3222#3223,1.0
3945#3948,-1.0
1318#1322,1.0
7356#7354,1.0
1439#1444,1.0
100#107,1.0
874#875,1.0
1178#1186,1.0
14409#14410,-1.0
811#804,1.0
9902#9903,-1.0
2031#2041,1.0
8889#8898,1.0
2509#2526,1.0
1146#1154,1.0
7037#7039,1.0
12653#12654,-1.0
3705#3708,-1.0
5395#5396,-1.0
2050#2058,1.0
8084#8086,-1.0
15961#15917,-1.0
737#807,1.0
1305#1301,1.0
9012#9021,1.0
15196#15197,-1.0
1992#2001,1.0
2034#2041,1.0
11669#11670,-1.0
955#960,1.0
15663#15645,-1.0
3250#3251,1.0
5421#5422,-1.0
7807#7808,1.0
8719#8720,1.0
6509#6511,1.0
7218#7170,1.0
2034#2042,1.0
2214#2224,1.0
328#331,1.0
10781#10782,-1.0
302#304,1.0
1172#1178,1.0
1995#1998,1.0
11193#11194,1.0
1383#1373,1.0
384820#570764,-1.0
6117#6118,1.0
12106#12107,1.0
2076#2079,1.0
15#393,1.0
2119#2123,1.0
4175#4176,1.0
6834#6836,1.0
661#668,1.0
1889#1899,1.0
1905#1904,1.0
1144#1151,1.0
1649#1651,1.0
13233#13234,-1.0
2409#2411,1.0
4127#4130,-1.0
5579#5577,1.0
14930#14931,1.0
2203#2213,1.0
2788#2796,1.0
1264#1255,1.0
5687#5676,1.0
6695#6698,1.0
13360#13361,-1.0
11755#11756,-1.0
2198#2223,1.0
8918#8927,1.0
2198#2231,1.0
2311#2312,-1.0
3689#3695,-1.0
11095#11096,-1.0
2204#2213,1.0
1673#1675,1.0
5768#5765,1.0
2388#2401,1.0
8439#8442,-1.0
2195#2226,1.0
8775#8784,1.0
8834#8843,-1.0
465#452,1.0
2761#2765,1.0
984#991,1.0
2123#2124,1.0
11749#11750,-1.0
397#409,-1.0
1116#1120,1.0
7293#7298,1.0
1203#1205,1.0
1841#1842,1.0
7155#7159,1.0
2195#2191,1.0
2192#2230,1.0
2035#2036,1.0
864#867,1.0
4010#4012,-1.0
6938#6937,1.0
2035#2039,1.0
1314#1318,1.0
14537#14591,-1.0
3473#3480,-1.0
2360#2361,-1.0
1394#1410,-1.0
3998#3999,-1.0
4880#4881,1.0
1007#1008,1.0
1392#1394,-1.0
7848#7845,-1.0
4235#4238,-1.0
1251#1286,1.0
8166#8201,-1.0
132#133,-1.0
8915#8916,1.0
8246#8257,-1.0
2136#2141,1.0
2035#2042,1.0
1251#1280,1.0
15#391,1.0
15531#15512,-1.0
922#923,1.0
1563#1566,1.0
1945#1946,1.0
8809#8813,1.0
3635#3650,-1.0
7436#7437,1.0
1444#1455,1.0
9992#9993,-1.0
597#611,-1.0
6698#6696,1.0
1994#2001,1.0
2206#2230,1.0
3487#3490,-1.0
3950#3948,-1.0
1393#1394,1.0
3937#3941,-1.0
2209#2230,1.0
5579#5575,1.0
2876#2879,1.0
1792#1797,1.0
1512#1513,1.0
3786#3787,-1.0
7712#7711,1.0
1249#1262,-1.0
10271#10272,-1.0
2226#2232,1.0
2037#2041,1.0
1506#1508,1.0
2191#2224,1.0
1986#1976,1.0
11263#11264,-1.0
1255#1262,-1.0
13284#13285,-1.0
6317#6318,1.0
6641#6642,1.0
15675#15654,-1.0
1373#1376,1.0
2195#2202,1.0
802#808,1.0
3689#3705,-1.0
2789#2796,1.0
7847#7848,-1.0
2216#2230,1.0
2209#2227,1.0
6456#6383,1.0
2149#2147,1.0
1588#1589,1.0
2363#2369,1.0
1654#1657,1.0
398#402,1.0
4497#4498,-1.0
1050#1049,1.0
1859#1861,1.0
1797#1800,1.0
11394#11395,-1.0
3409#3410,-1.0
13312#13313,-1.0
2390#2398,1.0
5682#5683,1.0
1203#1204,1.0
11669#11670,1.0
12090#12091,-1.0
7302#7320,1.0
8174#8191,-1.0
2328#2329,-1.0
2198#2200,1.0
1144#1145,1.0
15#19,1.0
14757#14758,-1.0
3707#3705,-1.0
2787#2800,1.0
8808#8816,1.0
5684#5686,1.0
1144#1158,1.0
67#76,1.0
15004#15040,-1.0
11381#11382,-1.0
4332#4333,1.0
1999#2001,1.0
3733#3735,-1.0
3260#3262,1.0
2762#2763,1.0
4469#4470,-1.0
5595#5596,1.0
1146#1148,1.0
2898#2905,1.0
8174#8185,-1.0
820#827,1.0
3307#3311,1.0
93#98,1.0
6179#6180,1.0
3325#3327,1.0
986#989,1.0
1071#1078,1.0
13535#11778,-1.0
2501#2502,1.0
3760#3761,-1.0
3691#3696,-1.0
8174#8189,-1.0
1174#1186,1.0
1144#1141,-1.0
3565#3566,1.0
2361#2384,1.0
8878#8885,1.0
1251#1277,1.0
8166#8177,-1.0
5597#5613,-1.0
8361#8347,-1.0
2782#2792,1.0
5609#5613,-1.0
14832#14806,-1.0
11508#11509,1.0
8246#8260,-1.0
1963#1970,-1.0
648#652,1.0
2394#2397,1.0
1108#1120,1.0
8295#8297,-1.0
3656#3665,-1.0
8174#8193,-1.0
2195#2204,1.0
826#829,1.0
12845#12846,1.0
15519#15520,-1.0
7225#7226,1.0
8254#8270,-1.0
2784#2796,1.0
1759#1760,1.0
356#357,1.0
2553#2560,1.0
688#691,1.0
142539#371849,-1.0
1251#1272,1.0
2666#2674,1.0
8949#8958,1.0
5638#5649,1.0
1143#1144,1.0
1108#1106,1.0
2136#2143,1.0
9033#9039,1.0
2051#2058,1.0
3081#3083,1.0
5607#5610,-1.0
3162#3163,1.0
2992#2993,1.0
10115#10116,1.0
5075#5076,1.0
15206#15207,-1.0
14959#14995,-1.0
2558#2562,1.0
3999#4001,-1.0
8256#8270,-1.0
7514#7515,1.0
3427#3428,1.0
4090#4091,1.0
867#868,1.0
2409#2403,1.0
629#633,1.0
1031#1034,1.0
1571#1577,1.0
2510#2521,1.0
3219#3221,1.0
8987#9003,1.0
8836#8843,1.0
8346#8352,-1.0
10362#10363,-1.0
8956#8959,1.0
2010#2024,1.0
6649#6650,1.0
11749#11750,1.0
465#460,1.0
356#366,1.0
1798#1796,1.0
3517#3523,-1.0
8509#8510,-1.0
2393#2401,1.0
4134#4137,-1.0
362#363,-1.0
10303#10304,-1.0
7321#7295,1.0
7287#7288,1.0
1111#1112,1.0
807#808,1.0
8166#8172,-1.0
15241#15281,-1.0
3692#3695,-1.0
175899#221174,-1.0
661#664,1.0
986#987,1.0
99#103,1.0
1798#1797,1.0
2761#2763,1.0
1263#1255,-1.0
8365#8351,-1.0
8775#8779,1.0
2768#2800,1.0
2513#2521,1.0
2035#2031,1.0
5676#5690,1.0
1896#1899,1.0
303#304,1.0
531355#757848,-1.0
1144#1146,1.0
13556#13557,-1.0
8370#8371,-1.0
8352#8356,-1.0
1264#1254,1.0
8168#8174,-1.0
1379#1386,1.0
8352#8358,-1.0
1108#1117,1.0
2918#2922,1.0
7219#7170,1.0
11924#11925,-1.0
5005#5006,-1.0
8775#8782,1.0
2195#2217,1.0
648#637,1.0
12930#12931,1.0
1352#1373,1.0
2209#2211,1.0
6677#6679,1.0
2416#2421,1.0
1253#1286,1.0
2796#2799,1.0
2206#2227,1.0
8890#8898,1.0
8347#8355,-1.0
359#363,-1.0
646#648,1.0
2197#2230,1.0
5651#5652,1.0
2195#2201,1.0
12775#12776,-1.0
3944#3941,-1.0
2304#2305,-1.0
896#899,1.0
1255#1276,1.0
9538#9539,-1.0
610#600,-1.0
3484#3489,-1.0
2200#2230,1.0
8521#8522,-1.0
1783#1781,1.0
9927#9928,1.0
8855#8851,1.0
7085#7087,1.0
99#100,1.0
1819#1822,1.0
1257#1282,-1.0
15843#15899,-1.0
7320#7300,1.0
1976#1989,1.0
9040#9047,1.0
3090#3091,1.0
6914#6915,1.0
5678#5685,1.0
1029#1031,1.0
761#762,1.0
11371#11372,-1.0
1741#1760,1.0
15135#15111,-1.0
1144#1147,1.0
6203#6208,1.0
488#492,1.0
1649#1653,1.0
8981#8991,1.0
1592#1597,1.0
2190#2203,1.0
15363#15395,-1.0
2206#2221,1.0
2324#2325,1.0
1507#1511,1.0
5479#5480,-1.0
729#735,1.0
2433#2434,1.0
6018#6019,1.0
8768#8774,1.0
1994#1997,1.0
2834#2835,1.0
11526#11527,1.0
6318#6320,1.0
9469#9470,-1.0
1966#1970,-1.0
1699#1703,1.0
7158#7159,1.0
42#43,1.0
1159#1165,1.0
8837#8843,-1.0
2463#2477,1.0
2213#2215,1.0
1117#1120,1.0
2418#2423,1.0
8775#8778,1.0
5029#5030,-1.0
5682#5681,1.0
1050#1052,1.0
10850#10851,-1.0
2274#2272,-1.0
7665#7667,1.0
8891#8899,1.0
2367#2373,1.0
4443#4444,1.0
2133#2142,1.0
2674#2675,1.0
1757#1760,1.0
5612#5613,-1.0
3538#3531,-1.0
15246#15260,-1.0
2077#2088,-1.0
8084#8085,-1.0
3040#3042,1.0
10139#10140,1.0
8350#8359,-1.0
6128#6117,1.0
15349#15113,-1.0
1824#1825,1.0
11908#11909,-1.0
1980#1981,1.0
6849#6850,1.0
2898#2912,1.0
8781#8784,1.0
3656#3663,-1.0
3951#3945,-1.0
1650#1651,1.0
2292#2296,-1.0
12203#12204,-1.0
1174#1178,-1.0
11900#11901,-1.0
273#274,1.0
1648#1651,1.0
8166#8171,-1.0
8768#8771,1.0
3523#3527,-1.0
1630#1632,1.0
2378#2361,1.0
8248#8250,-1.0
1341#1342,1.0
7084#7082,1.0
2201#2224,1.0
1511#1513,1.0
4333#4345,1.0
1373#1377,1.0
1264#1280,1.0
1315#1318,1.0
1199#1203,1.0
2224#2231,1.0
2209#2229,1.0
1253#1279,1.0
722#724,-1.0
10554#10555,-1.0
2401#2398,1.0
5604#5613,-1.0
1851#1861,1.0
893#900,1.0
2381#2361,1.0
1362#1363,1.0
8812#8813,1.0
13029#13030,-1.0
7321#7310,1.0
9018#9021,1.0
1509#1513,1.0
11436#11437,1.0
5285#5286,1.0
8038#8034,-1.0
8260#8270,-1.0
11474#11475,-1.0
1905#1890,1.0
11028#11005,-1.0
14012#14013,-1.0
1890#1899,1.0
12375#12376,1.0
1363#1364,1.0
3473#3476,-1.0
8961#8963,1.0
1250#1251,1.0
2226#2233,1.0
2879#2885,1.0
12113#12112,-1.0
8359#8360,-1.0
2825#2835,1.0
10426#10427,-1.0
342#343,1.0
7211#7207,1.0
2195#2212,1.0
1007#1010,1.0
3485#3489,-1.0
8981#8990,1.0
4333#4342,1.0
8248#8260,-1.0
2591#2593,1.0
3307#3308,1.0
3694#3696,-1.0
11175#11176,-1.0
808#809,1.0
2078#2088,1.0
4226#4227,-1.0
1184#1186,1.0
5678#5682,1.0
5638#5651,1.0
1212#1217,1.0
8391#8392,1.0
4923#4924,1.0
1837#1842,1.0
101479#181586,-1.0
7321#7299,1.0
2135#2136,1.0
356#364,1.0
2863#2864,1.0
8956#8958,1.0
2273#2272,-1.0
12768#12769,-1.0
887#888,1.0
694#691,1.0
1026#1028,1.0
14090#14091,-1.0
1836#1840,1.0
8455#8456,-1.0
2037#2038,1.0
12647#12648,-1.0
13926#13927,-1.0
12202#12203,-1.0
5638#5640,1.0
379#380,1.0
413#417,1.0
2800#2791,1.0
10253#10254,1.0
15615#15616,-1.0
860#867,1.0
16013#16014,1.0
5645#5651,1.0
110624#479742,-1.0
1985#1981,1.0
3656#3661,-1.0
11848#11849,1.0
1189#1194,1.0
2034#2033,1.0
62070#800941,-1.0
11961#11962,-1.0
8916#8928,1.0
2669#2674,1.0
2995#2996,1.0
10669#10670,-1.0
12082#12083,-1.0
8365#8352,-1.0
6935#6939,1.0
801#810,1.0
7563#7564,1.0
2213#2219,1.0
5636#5638,-1.0
11755#11756,1.0
2508#2509,1.0
14299#14300,-1.0
1264#1274,1.0
13438#13439,-1.0
1762#1774,1.0
1840#1842,1.0
3694#3706,-1.0
1149#1165,1.0
13571#13572,-1.0
13096#13097,1.0
4130#4138,-1.0
2010#2027,1.0
10506#10507,-1.0
1842#1843,1.0
1009#1005,1.0
848547#872320,-1.0
7532#7534,1.0
2409#2413,1.0
1795#1797,1.0
7805#7806,1.0
2147#2152,1.0
1111#1106,-1.0
2212#2213,1.0
955#953,1.0
2035#2040,1.0
5543#5548,1.0
2592#2594,1.0
212664#589635,-1.0
8898#8900,1.0
7217#7218,1.0
8361#8351,-1.0
483#489,1.0
2195#2216,1.0
872#879,1.0
2804#2806,1.0
5255#5256,1.0
12521#12522,-1.0
9645#9646,-1.0
3484#3487,-1.0
2784#2800,1.0
2387#2397,1.0
5764#5765,1.0
1646#1655,1.0
2198#2207,1.0
173021#830773,-1.0
9040#9053,1.0
7213#7215,1.0
5887#5888,-1.0
10250#10251,-1.0
1898#1899,1.0
7630#7631,1.0
11679#11680,-1.0
1849#1861,1.0
4303#4305,-1.0
3695#3703,-1.0
67#75,1.0
2433#2438,1.0
2922#2923,1.0
3690#3705,-1.0
802#807,1.0
1712#1716,1.0
100#101,1.0
1905#1888,1.0
1146#1168,1.0
14315#14322,-1.0
3703#3705,-1.0
1852#1861,1.0
2212#2224,1.0
1352#1379,1.0
5544#5547,1.0
2210#2224,1.0
9931#9932,-1.0
6992#6997,1.0
945#947,1.0
13460#13461,-1.0
8283#8285,1.0
9521#9522,-1.0
13963#13964,-1.0
1135#1136,1.0
920#922,1.0
12112#12113,-1.0
9426#9449,-1.0
8835#8843,1.0
6805#6806,1.0
2884#2887,1.0
1973#1981,1.0
6815#6818,1.0
3485#3487,-1.0
7895#7897,-1.0
12539#12540,-1.0
3656#3657,-1.0
360#363,1.0
2542#2546,-1.0
14399#14400,-1.0
8246#8266,-1.0
6936#6937,1.0
7617#7618,1.0
4577#4578,1.0
233780#605655,-1.0
2037#2044,1.0
8950#8963,1.0
8918#8926,1.0
805#810,1.0
878#879,1.0
9013#9022,1.0
2213#2221,1.0
7306#7321,1.0
8916#8922,1.0
3489#3496,-1.0
10602#10603,-1.0
3519#3523,-1.0
14605#14606,-1.0
1169#1165,-1.0
8174#8192,-1.0
7082#7083,1.0
1946#1947,1.0
1988#1976,1.0
2876#2884,1.0
951#960,1.0
11602#11603,-1.0
3648#3650,-1.0
1762#1770,1.0
2553#2562,1.0
721#723,-1.0
14737#14738,-1.0
2509#2515,1.0
2192#2224,1.0
2549#2562,1.0
2925#2931,1.0
2206#2213,1.0
1848#1860,1.0
2674#2679,1.0
1394#1413,-1.0
2480#2504,1.0
15220#15221,-1.0
14528#14529,-1.0
1146#1158,1.0
3688#3705,-1.0
7278#7279,1.0
2423#2429,1.0
14123#14124,-1.0
2194#2224,1.0
8955#8956,1.0
1165#1167,1.0
8952#8963,1.0
2364#2373,1.0
8776#8784,1.0
7214#7215,1.0
2427#2416,1.0
1255#1287,1.0
485#488,1.0
8350#8351,-1.0
1946#1956,1.0
8949#8957,1.0
2635#2632,1.0
966#967,1.0
562037#628703,-1.0
3634#3643,-1.0
882#887,1.0
5982#5983,1.0
8981#8992,1.0
13690#13691,-1.0
2365#2373,1.0
1794#1797,1.0
3634#3647,-1.0
14829#14783,-1.0
4396#4401,-1.0
7154#7159,1.0
8283#8286,1.0
2198#2230,1.0
8637#8638,1.0
1654#1656,1.0
8954#8956,-1.0
7826#7827,-1.0
2433#2440,1.0
8987#9004,1.0
8775#8783,1.0
1261#1257,-1.0
4003#3998,-1.0
2224#2234,-1.0
4127#4135,-1.0
455#465,-1.0
7548#7551,1.0
2674#2680,1.0
3158#3159,1.0
2389#2398,1.0
1419#1422,1.0
15599#15565,1.0
2396#2397,1.0
761#771,1.0
8246#8262,-1.0
1419#1427,1.0
933#936,1.0
2206#2225,1.0
14538#14539,-1.0
12437#12438,-1.0
2769#2796,1.0
8350#8352,-1.0
2554#2559,-1.0
8195#8166,-1.0
206185#217419,-1.0
9020#9021,1.0
12929#12930,-1.0
11220#12317,-1.0
70#75,1.0
1649#1655,1.0
2659#2674,1.0
3523#3524,-1.0
2498#2494,1.0
987#991,1.0
63231#232008,-1.0
884#887,1.0
456#460,1.0
2195#2233,1.0
1662#1664,1.0
15201#15202,-1.0
6933#6937,1.0
3695#3706,-1.0
486#488,1.0
1249#1251,1.0
4126#4134,-1.0
2206#2232,1.0
2190#2232,1.0
13245#13246,-1.0
6274#6276,1.0
4083#4086,-1.0
331#332,1.0
1361#1360,1.0
3634#3644,-1.0
12874#12875,-1.0
1182#1186,1.0
11343#11344,-1.0
8166#8191,-1.0
556#557,1.0
1905#1893,1.0
2029#2025,1.0
1257#1260,-1.0
8798#8801,-1.0
1304#1308,1.0
13653#13654,-1.0
2010#2021,1.0
2292#2293,-1.0
2195#2209,1.0
4425#4426,-1.0
2272#2268,-1.0
1822#1825,1.0
13977#13978,-1.0
8525#8526,-1.0
610#608,-1.0
2363#2374,1.0
9417#9418,1.0
2562#2556,1.0
4130#4137,-1.0
4115#4116,-1.0
2972#2974,-1.0
2562#2560,1.0
2198#2219,1.0
2206#2231,1.0
1373#1381,1.0
2076#2088,1.0
11408#11409,-1.0
11462#11463,-1.0
5676#5689,1.0
11442#11443,1.0
197964#679394,-1.0
2195#2188,1.0
2400#2397,1.0
12663#12664,-1.0
8625#8626,-1.0
5676#5692,1.0
4215#4216,1.0
9350#9351,-1.0
8419#8421,-1.0
2195#2197,1.0
13049#13050,-1.0
8351#8359,-1.0
1264#1282,1.0
1394#1408,-1.0
65#67,1.0
3143#3144,1.0
10961#10962,-1.0
1259#1262,1.0
9028#9036,1.0
1839#1842,1.0
685#686,1.0
2828#2835,1.0
1006#1009,1.0
326#328,1.0
2795#2796,1.0
9305#9306,-1.0
434#435,1.0
9884#9885,-1.0
4135#4138,-1.0
6868#6869,1.0
1819#1828,1.0
228#229,1.0
2213#2216,1.0
4326#4333,1.0
2188#2209,-1.0
1111#1115,1.0
1264#1249,1.0
2029#2017,-1.0
10281#10282,-1.0
1822#1832,1.0
8309#8307,1.0
1946#1948,1.0
6684#6686,1.0
2802#2806,1.0
1561#1566,1.0
829587#866534,-1.0
12506#12530,-1.0
365#363,-1.0
12659#12660,1.0
8255#8270,-1.0
453#460,1.0
8956#8957,1.0
2452#2456,1.0
489831#543400,1.0
1263#1257,1.0
2079#2081,1.0
321857#491886,1.0
8198#8166,-1.0
483#488,1.0
6676#6679,1.0
86#93,1.0
11432#11433,1.0
5659#5665,1.0
2198#2214,1.0
2368#2373,1.0
14850#14844,-1.0
3634#3651,-1.0
5335#5336,-1.0
5682#5690,1.0
6117#6126,1.0
100#103,1.0
13157#13158,-1.0
820#821,1.0
2896#2898,1.0
2423#2428,1.0
2198#2210,-1.0
1264#1286,1.0
6832#6836,1.0
51271#897701,-1.0
9997#10973,-1.0
90#93,1.0
1892#1899,-1.0
6686#6683,1.0
3698#3705,-1.0
8363#8352,-1.0
9125#9126,1.0
4132#4135,-1.0
2010#2019,1.0
3296#3298,1.0
435#436,1.0
8495#8496,-1.0
338#340,1.0
1545#1547,1.0
1251#1260,-1.0
228#232,1.0
3365#3366,-1.0
728#735,1.0
6968#6972,1.0
2058#2061,1.0
2310#2311,-1.0
14179#14180,-1.0
4399#4401,1.0
5645#5638,1.0
2195#2214,1.0
5677#5685,1.0
8347#8348,-1.0
1071#1076,1.0
2293#2297,-1.0
326#334,1.0
1836#1842,1.0
1978#1981,1.0
7918#902973,-1.0
897#893,1.0
3636#3648,-1.0
8164#8174,-1.0
870#875,1.0
1384#1379,1.0
5681#5686,-1.0
5679#5676,1.0
3226#3227,1.0
12583#12584,-1.0
3635#3645,-1.0
3733#3736,-1.0
4401#4404,-1.0
1255#1269,1.0
7372#7371,1.0
8771#8773,1.0
12579#12580,-1.0
3740#3742,-1.0
2011#2010,1.0
1145#1165,1.0
4083#4087,-1.0
2450#2453,1.0
5133#5134,1.0
872#875,1.0
1255#1268,1.0
11327#11328,-1.0
87016#592682,-1.0
14826#14827,1.0
2272#2279,-1.0
1781#1785,1.0
15357#15358,-1.0
3141#3144,1.0
399#403,1.0
2925#2926,1.0
233662#584768,-1.0
3037#3038,1.0
7305#7321,1.0
2146#2147,1.0
11874#11875,-1.0
4337#4333,1.0
2188#2206,1.0
2800#2796,1.0
8635#8636,-1.0
11303#11304,-1.0
5685#5689,1.0
3688#3695,-1.0
7897#7896,-1.0
388443#888804,1.0
8981#9008,1.0
9293#9294,1.0
2255#2258,1.0
6693#6698,1.0
3905#3907,1.0
11611#11718,-1.0
6316#6318,1.0
8034#8031,-1.0
5647#5651,1.0
8347#8354,-1.0
8415#8417,-1.0
1144#1155,1.0
1360#1368,1.0
6014#6016,1.0
10546#10547,-1.0
2255#2260,1.0
5579#5582,1.0
7354#7355,1.0
12531#12532,-1.0
10396#10397,-1.0
91#93,1.0
7917#7918,1.0
1716#1718,1.0
13015#13016,-1.0
2898#2913,1.0
8804#8803,-1.0
10261#10262,1.0
2210#2213,1.0
2132#2136,1.0
2213#2229,1.0
8174#8180,-1.0
1154#1165,1.0
1692#1695,1.0
1827#1830,1.0
8956#8962,1.0
2057#2058,1.0
6117#6124,1.0
2121#2123,1.0
3471#3473,-1.0
11103#11104,-1.0
5580#5579,1.0
1253#1277,1.0
6016#6017,1.0
3487#3496,-1.0
1646#1649,1.0
11600#11601,-1.0
3731#3733,-1.0
8246#8265,1.0
456#457,-1.0
1974#1981,1.0
8046#8047,1.0
7218#7219,1.0
10976#10977,-1.0
4133#4134,-1.0
805#808,1.0
1050#1047,1.0
2198#2204,1.0
8174#8181,-1.0
9079#9080,1.0
2561#2553,1.0
6134#6140,1.0
2868#2870,1.0
2894#2898,1.0
12175#12112,1.0
1257#1285,1.0
8174#8175,-1.0
1113#1120,1.0
11589#11590,1.0
2387#2398,1.0
1595#1597,1.0
7298#7320,1.0
6676#6678,1.0
1986#1981,1.0
14635#14636,-1.0
9088#9080,1.0
7177#7178,1.0
3951#3947,-1.0
921#922,1.0
5692#5685,1.0
11375#11376,-1.0
6138#6139,1.0
2252#2257,1.0
2426#2423,1.0
11509#11510,-1.0
1253#1274,1.0
13552#13553,-1.0
2224#2227,1.0
12142#12143,-1.0
1270#1255,1.0
2401#2397,1.0
1825#1828,1.0
12665#12666,-1.0
8166#8167,-1.0
5677#5676,1.0
6286#6287,1.0
12599#12600,-1.0
3729#3733,-1.0
2136#2140,1.0
2192#2213,1.0
2255#2259,1.0
14703#14708,-1.0
2417#2423,1.0
489#491,1.0
4333#4341,1.0
8916#8923,1.0
4701#4702,-1.0
5682#5691,1.0
11846#11238,-1.0
9921#9922,-1.0
4003#4001,-1.0
7293#7302,1.0
59324#822679,-1.0
8479#8480,1.0
2885#2886,1.0
2205#2213,1.0
2760#2762,1.0
2195#2200,1.0
1146#1171,1.0
4134#4136,-1.0
15393#15388,-1.0
15578#15579,-1.0
1673#1678,-1.0
3811#3812,-1.0
2448#2452,1.0
2198#2225,1.0
4001#4008,-1.0
15371#15385,-1.0
1007#1005,1.0
1071#1074,1.0
8843#8845,1.0
3561#3648,-1.0
948#949,1.0
1508#1511,1.0
9040#9043,1.0
1842#1844,1.0
1119#1120,1.0
1031#1032,1.0
2516#2521,1.0
3648#3649,-1.0
887#891,1.0
8815#8816,1.0
2506#2509,1.0
413#418,1.0
1050#1053,1.0
3707#3691,-1.0
720#723,-1.0
4084#4083,-1.0
8740#8742,1.0
1255#1267,1.0
11848#11849,-1.0
2876#2886,1.0
1263#1253,-1.0
2198#2211,1.0
12485#14294,-1.0
1980#1989,1.0
8246#8252,-1.0
15814#15781,-1.0
2898#2909,1.0
2468#2477,1.0
4325#4333,1.0
11370#11371,1.0
5653#5665,1.0
8048#8051,1.0
11832#11833,1.0
11247#11248,-1.0
850#852,1.0
2881#2885,1.0
11598#11599,-1.0
1172#1186,1.0
1823#1827,1.0
1176#1186,1.0
12606#12894,1.0
661#662,1.0
5569#5579,1.0
6672#6673,1.0
11350#11351,-1.0
4896#4897,1.0
1257#1286,-1.0
3687#3705,-1.0
2877#2887,1.0
3742#3743,-1.0
2198#2217,1.0
7320#7296,1.0
8166#8185,-1.0
3852#3855,1.0
1165#1166,-1.0
2379#2361,1.0
93#94,1.0
2674#2678,1.0
806#810,1.0
7320#7322,1.0
3691#3709,-1.0
5600#5613,-1.0
8014#8015,-1.0
2783#2796,1.0
2200#2209,1.0
231348#576210,-1.0
8956#8963,1.0
8891#8904,1.0
2515#2521,-1.0
3634#3637,-1.0
512#513,1.0
2662#2674,1.0
955#957,1.0
1363#1367,1.0
4983#4984,1.0
898#900,1.0
1111#1118,1.0
11079#11080,-1.0
383#384,1.0
5642#5651,1.0
6659#6660,1.0
2296#2297,-1.0
1762#1766,1.0
2001#2002,1.0
13241#13242,-1.0
1009#1010,1.0
6322#6325,1.0
7293#7307,1.0
413#415,1.0
1510#1509,1.0
3695#3696,-1.0
782#784,1.0
7481#7482,1.0
8892#8898,1.0
2417#2416,1.0
621#624,1.0
1394#1403,-1.0
636#648,1.0
2480#2501,1.0
6988#6989,1.0
1835#1846,1.0
2188#2213,1.0
1301#1306,1.0
8127#8128,1.0
5093#5094,-1.0
1444#1447,1.0
8862#8853,1.0
1261#1262,1.0
2085#2088,-1.0
12665#12666,-1.0
2663#2674,1.0
4130#4132,-1.0
11119#11120,-1.0
3158#3160,1.0
12657#12658,-1.0
8878#8883,1.0
1144#1154,1.0
952#960,1.0
108834#110956,-1.0
2272#2269,-1.0
2190#2219,1.0
1479#1488,1.0
8299#8301,-1.0
2898#2901,1.0
6818#6821,1.0
4327#4333,1.0
2079#2083,1.0
3538#3537,-1.0
862#867,1.0
1257#1268,1.0
8878#8884,1.0
2431#2433,1.0
1258#1253,-1.0
7088#7089,1.0
6867#6868,1.0
3740#3741,-1.0
8249#8270,-1.0
2201#2206,1.0
10536#10537,-1.0
3940#3941,-1.0
1071#1077,1.0
2868#2869,1.0
6544#6545,1.0
3488#3489,-1.0
12657#12658,-1.0
8351#8353,-1.0
15194#15195,-1.0
1993#2001,1.0
6660#6663,1.0
4006#4001,-1.0
5602#5612,-1.0
1151#1165,1.0
1444#1449,1.0
2035#2033,1.0
9928#9949,-1.0
1444#1445,1.0
3489#3493,-1.0
10789#10790,-1.0
8872#8878,1.0
11983#11984,-1.0
11760#11761,-1.0
4333#4334,1.0
4102#4104,-1.0
2206#2218,1.0
2874#2887,1.0
1798#1794,1.0
8165#8174,-1.0
14098#14099,-1.0
1946#1950,1.0
1835#1841,1.0
1663#1664,1.0
632#633,1.0
5205#5206,1.0
3638#3648,-1.0
2876#2881,1.0
7337#7339,-1.0
2213#2230,1.0
14847#14874,-1.0
4038#4041,-1.0
2196#2226,1.0
2209#2231,1.0
9009#9013,1.0
985#986,1.0
1440#1444,1.0
822#829,1.0
1664#1665,1.0
869774#870809,-1.0
8987#9006,1.0
1974#1976,1.0
2363#2366,1.0
1996#2001,1.0
3126#3127,1.0
15247#15258,1.0
3867#3868,-1.0
2193#2206,1.0
9572#9573,1.0
804#805,1.0
2466#2477,1.0
5889#5890,-1.0
8364#8359,-1.0
1191#1194,1.0
798#808,1.0
2988#2989,1.0
6203#6212,1.0
5607#5608,-1.0
368#369,1.0
8137#8138,1.0
11759#11760,1.0
2788#2800,1.0
6313#6318,1.0
593#474,1.0
1257#1279,-1.0
8792#8797,1.0
3308#3311,1.0
1647#1654,1.0
1262#1275,1.0
4499#4500,1.0
4603#4604,1.0
15097#15108,-1.0
11352#11353,1.0
337#339,1.0
13877#12371,-1.0
9077#9080,1.0
9080#9087,1.0
8948#8956,1.0
12192#12193,-1.0
9473#9474,-1.0
8028#8034,-1.0
8080#8084,-1.0
12481#12482,-1.0
1740#1760,1.0
1756#1760,1.0
2197#2213,1.0
2294#2295,-1.0
7372#7373,1.0
13414#13415,-1.0
109470#901631,-1.0
8166#8178,-1.0
3951#3952,-1.0
5608#5612,-1.0
2551#2559,1.0
7621#7622,1.0
11928#11929,-1.0
1068#1069,1.0
12893#12839,1.0
504269#703296,-1.0
5986#5987,1.0
380957#513653,-1.0
8981#9007,1.0
363#364,-1.0
4949#4950,-1.0
1976#1982,1.0
2509#2517,-1.0
2077#2080,1.0
7301#7320,1.0
13378#13379,-1.0
1573#1577,1.0
4351#4352,1.0
8878#8886,1.0
6712#6713,1.0
8203#8174,-1.0
8918#8922,1.0
12635#12636,1.0
453#462,-1.0
6377#6380,1.0
943#944,1.0
8981#9004,1.0
70#69,-1.0
2335#2336,-1.0
1825#1827,1.0
15078#15153,-1.0
8174#8202,-1.0
7775#7776,1.0
3491#3489,-1.0
2762#2764,1.0
988#991,1.0
2076#2077,1.0
347#354,1.0
7630#7633,1.0
8987#8996,1.0
2198#2222,1.0
8248#8264,-1.0
1828#1832,1.0
12608#12609,-1.0
7293#7299,1.0
2029#2014,1.0
2792#2794,1.0
15719#15720,1.0
14310#14311,-1.0
3918#3919,-1.0
8174#8179,-1.0
2213#2222,1.0
100#105,1.0
8918#8928,1.0
1946#1952,1.0
2897#2898,1.0
9026#9039,1.0
2205#2226,1.0
16078#15930,-1.0
900#899,1.0
1143#1146,1.0
67#74,1.0
688#693,1.0
12961#12962,-1.0
783#784,1.0
3951#3946,-1.0
304#305,1.0
2800#2799,1.0
67#72,1.0
947#949,1.0
13195#13196,-1.0
1784#1781,1.0
1394#1395,1.0
12539#12540,-1.0
13368#13369,-1.0
3998#4001,-1.0
4655#4656,1.0
9690#9691,-1.0
4116#4124,-1.0
1700#1703,1.0
1938#1946,1.0
2762#2766,1.0
165#168,-1.0
2433#2439,1.0
15283#14857,-1.0
1826#1827,1.0
2198#2213,1.0
1009#1013,1.0
336#338,1.0
4479#4480,1.0
8362#8347,-1.0
12390#12391,-1.0
2955#2956,1.0
15#20,1.0
1545#1548,1.0
8028#8030,-1.0
7207#7209,1.0
487#488,1.0
3694#3699,-1.0
2218#2224,1.0
3739#3743,-1.0
2195#2227,1.0
5546#5548,1.0
8854#8855,1.0
5686#5690,1.0
6151#6152,1.0
6321#6322,1.0
8764#8765,1.0
2362#2370,1.0
3905#3906,1.0
38659#232245,-1.0
2213#2232,1.0
1998#1999,1.0
2039#2034,1.0
13128#11479,-1.0
14220#14221,-1.0
7632#7630,1.0
1165#1168,1.0
1301#1302,1.0
1995#2001,1.0
1071#1072,1.0
484#488,1.0
4102#4105,-1.0
10795#10796,-1.0
14084#12112,-1.0
1251#1266,1.0
8166#8181,-1.0
1270#1251,1.0
1254#1255,1.0
2898#2914,-1.0
1264#1256,1.0
400#399,-1.0
8248#8256,-1.0
2272#2266,-1.0
5545#5547,1.0
2013#2010,1.0
99#105,1.0
15096#15097,-1.0
1212#1211,1.0
5604#5607,-1.0
222636#749885,-1.0
950#949,1.0
14536#14537,1.0
1255#1256,1.0
8357#8359,-1.0
8663#8664,-1.0
2133#2140,1.0
9378#9379,-1.0
1262#1268,-1.0
1588#1590,1.0
10659#10660,-1.0
8166#8176,-1.0
2206#2207,1.0
11717#11718,-1.0
1009#1012,1.0
2401#2400,1.0
3656#3667,-1.0
11373#11374,-1.0
1020#1028,1.0
1007#1009,1.0
9028#9034,1.0
15027#15002,-1.0
1644#1651,1.0
1257#1283,1.0
1158#1165,1.0
194259#378460,-1.0
5413#5414,1.0
5640#5651,1.0
1255#1284,1.0
989#991,1.0
823#829,1.0
413#416,1.0
15991#16066,1.0
455864#553517,1.0
8039#8034,-1.0
13492#13493,-1.0
683499#797114,-1.0
9433#9434,1.0
2291#2293,-1.0
2898#2907,1.0
8916#8927,1.0
7713#7711,1.0
2203#2206,1.0
9040#9054,1.0
3881#3882,-1.0
8855#8861,1.0
9604#9605,1.0
5449#5450,-1.0
4349#4351,1.0
363#367,1.0
4333#4338,1.0
12992#12993,-1.0
1377#1379,1.0
11715#11716,-1.0
453#458,1.0
2222#2230,1.0
12681#12682,-1.0
8055#8058,-1.0
6699#6698,1.0
1899#1901,1.0
8048#8049,1.0
342#344,1.0
3449#3450,1.0
2416#2418,1.0
1142#1144,1.0
2885#2887,1.0
7162#7159,1.0
2190#2216,1.0
1144#1153,1.0
727#730,1.0
1550#1545,1.0
2213#2214,1.0
1976#1981,1.0
3473#3475,-1.0
169#171,-1.0
792#793,1.0
2225#2230,1.0
9386#9387,-1.0
413#414,1.0
1253#1282,1.0
3634#3639,-1.0
5579#5581,1.0
14952#14966,-1.0
3938#3941,-1.0
8364#8352,-1.0
2190#2225,1.0
2010#2020,1.0
1394#1404,1.0
8953#8956,1.0
806#808,1.0
15965#15917,-1.0
875#880,1.0
556200#753094,-1.0
1699#1702,1.0
10036#10037,1.0
8956#8965,1.0
8439#8440,-1.0
588421#649487,-1.0
13156#13157,1.0
3523#3525,-1.0
8098#8099,1.0
402#406,1.0
2118#2123,1.0
5691#5676,1.0
1798#1800,1.0
3689#3694,-1.0
8361#8359,-1.0
4129#4135,-1.0
1179#1178,1.0
1251#1271,1.0
2875#2885,1.0
6318#6319,1.0
11663#11664,-1.0
8375#8379,-1.0
9093#9094,1.0
947#948,1.0
13252#13253,-1.0
1107#1108,1.0
8349#8359,-1.0
4130#4133,-1.0
11442#11443,-1.0
955#951,1.0
3521#3523,-1.0
7920#7925,-1.0
1251#1279,1.0
2196#2209,1.0
1444#1453,1.0
2477#2478,1.0
1631#1632,1.0
1253#1272,1.0
8174#8178,-1.0
461974#478716,-1.0
2334#2335,-1.0
14278#14279,-1.0
954#960,1.0
818#829,1.0
820#826,1.0
13705#13706,-1.0
2373#2374,1.0
2136#2145,1.0
2987#2988,1.0
1545#1552,1.0
1822#1831,1.0
7321#7322,1.0
1973#1976,1.0
1255#1273,1.0
2760#2761,1.0
2492#2497,1.0
2833#2835,-1.0
1996#1997,1.0
5649#5651,1.0
6131#6140,1.0
5681#5676,1.0
8352#8360,-1.0
11474#11475,1.0
5686#5688,1.0
2195#2215,1.0
8842#8843,1.0
2188#2190,-1.0
1255#1274,1.0
7669#7670,-1.0
2199#2230,1.0
413#419,1.0
8855#8856,1.0
4235#4237,-1.0
2213#2218,1.0
1822#1828,1.0
4333#4340,1.0
2035#2037,1.0
163#168,-1.0
2208#2226,1.0
6203#6209,1.0
8769#8771,1.0
8850#8853,1.0
1985#1980,1.0
2661#2674,1.0
8898#8904,1.0
1508#1509,1.0
1836#1844,1.0
2217#2224,1.0
1135#1137,1.0
13049#13050,-1.0
8787#8784,-1.0
896#895,1.0
15680#15651,-1.0
1646#1652,1.0
6933#6939,1.0
7941#7942,1.0
16022#16030,1.0
100#102,1.0
1596#1597,1.0
8981#8982,1.0
3260#3261,1.0
986#990,1.0
12695#12457,-1.0
2393#2397,1.0
1510#1513,-1.0
10898#10899,-1.0
6666#6670,1.0
8979#8987,1.0
2195#2205,1.0
1394#1401,-1.0
5165#5166,1.0
4780#4781,1.0
9870#9871,-1.0
110739#510794,1.0
9125#9128,1.0
8166#8193,-1.0
2509#2516,1.0
7817#7819,1.0
454#456,-1.0
3695#3699,-1.0
3641#3648,-1.0
661#669,1.0
3515#3523,-1.0
3635#3648,-1.0
110294#784461,-1.0
6828#6829,1.0
14847#14866,1.0
8246#8247,-1.0
1250#1255,1.0
2217#2230,1.0
8030#8036,-1.0
14895#14951,-1.0
2392#2401,1.0
1311#1312,1.0
10940#10941,-1.0
14987#14955,-1.0
67#70,1.0
12134#12135,-1.0
5665#5666,1.0
4625#4626,1.0
610#614,-1.0
1142#1146,1.0
1990#1997,1.0
1821#1828,1.0
2190#2205,1.0
1253#1283,1.0
8169#8174,-1.0
192268#478629,-1.0
8269#8270,-1.0
6645#6646,1.0
2432#2433,1.0
1188#1194,-1.0
8351#8352,-1.0
804#808,1.0
8775#8777,1.0
2252#2259,-1.0
2029#2023,1.0
3691#3701,-1.0
2859#2865,1.0
10767#10831,-1.0
8477#103106,1.0
2553#2554,1.0
2190#2204,1.0
2363#2373,1.0
12764#12765,-1.0
1820#1824,1.0
1264#1278,1.0
2876#2877,1.0
2509#2521,1.0
1178#1182,1.0
9040#9042,1.0
5662#5665,1.0
14609#14610,-1.0
2221#2224,1.0
13775#13776,-1.0
2443#2452,1.0
7411#7414,1.0
7004#7005,1.0
1342#1351,1.0
1071#1080,1.0
690#691,1.0
1905#1901,1.0
13719#13720,-1.0
13785#11861,-1.0
2315#2319,-1.0
13015#13016,-1.0
8919#8916,1.0
2133#2135,1.0
959#960,1.0
8792#8795,1.0
8248#8262,-1.0
5611#5612,-1.0
597#616,-1.0
3632#3633,-1.0
8299#8304,-1.0
1262#1280,1.0
12789#12790,-1.0
7293#7309,1.0
4331#4333,1.0
11428#11429,1.0
1701#1702,1.0
8740#8743,1.0
1507#1513,1.0
1674#1675,1.0
2191#2230,1.0
337#340,1.0
1545#1553,1.0
8166#8189,-1.0
1977#1981,1.0
4126#4130,-1.0
9271#9272,-1.0
648#654,1.0
2197#2198,1.0
2147#2151,1.0
1071#1061,1.0
8878#8880,1.0
2147#2156,1.0
5509#5510,-1.0
1059#1057,1.0
2796#2798,1.0
229#231,1.0
1007#1013,1.0
397#399,1.0
2674#2676,1.0
8174#8177,-1.0
5#199,1.0
3946#3948,-1.0
1262#1265,-1.0
13480#13481,-1.0
11478#11479,-1.0
10969#10970,-1.0
2800#2797,1.0
11311#11312,-1.0
3487#3497,-1.0
8813#8815,1.0
1306#1308,1.0
9010#9013,1.0
7209#7210,1.0
8030#8038,-1.0
610#612,-1.0
5752#5753,-1.0
2207#2209,1.0
2792#2797,1.0
2925#2927,1.0
1824#1831,1.0
1257#1253,-1.0
610#615,-1.0
1790#1797,1.0
1024#1028,1.0
2214#2230,1.0
11960#11961,-1.0
1828#1831,1.0
1479#1489,1.0
2084#2088,1.0
10265#10266,1.0
688#692,1.0
648#650,1.0
2792#2793,1.0
6217#6218,1.0
13035#13036,-1.0
7320#7313,1.0
1109#1120,1.0
2761#2764,1.0
15251#15252,-1.0
722#723,-1.0
193#199,1.0
2272#2276,-1.0
15784#15785,-1.0
6524#6525,1.0
3694#3708,-1.0
1261#1264,-1.0
15752#15753,-1.0
1654#1655,1.0
2012#2029,1.0
8166#8174,-1.0
15628#15633,-1.0
2202#2224,1.0
9886#9887,-1.0
9028#9030,1.0
8811#8816,1.0
7920#7922,-1.0
1671#1673,1.0
2198#2224,1.0
12720#12721,-1.0
729#732,1.0
1264#1287,1.0
67#69,1.0
1822#1826,1.0
8987#8991,1.0
5343#5344,-1.0
1969#1970,1.0
8246#8249,-1.0
7737#7738,1.0
791#792,1.0
2705#2708,1.0
1757#1741,1.0
1162#1165,1.0
11920#11921,-1.0
5548#5549,1.0
2638#2632,1.0
2665#2674,1.0
3483#3487,-1.0
11601#11602,1.0
8878#8881,1.0
4116#4120,-1.0
2251#2255,1.0
1264#1262,1.0
2869#2871,-1.0
3642#3648,-1.0
1257#1259,-1.0
2252#2258,1.0
9755#9756,-1.0
8713#8714,1.0
660#661,1.0
2330#2333,-1.0
892#900,1.0
14732#14727,-1.0
2195#2189,1.0
8890#8891,1.0
12148#12149,-1.0
2012#2010,1.0
14077#14078,-1.0
7920#7926,-1.0
5765#5766,1.0
6987#6988,1.0
8987#9007,1.0
1023#1028,1.0
3161#3162,1.0
6062#6063,1.0
1566#1567,-1.0
8957#8963,1.0
8956#8960,1.0
8898#8899,1.0
2394#2398,1.0
3728#3732,-1.0
11517#11518,-1.0
1854#1861,1.0
4127#4134,-1.0
5691#5685,1.0
956#960,1.0
2190#2218,1.0
15998#15999,-1.0
955#959,1.0
12890#12891,-1.0
10936#10937,-1.0
2445#2452,1.0
800#804,1.0
1848#1852,1.0
8348#8359,-1.0
2416#2430,1.0
2204#2230,1.0
7743#7745,1.0
875#879,1.0
1251#1254,1.0
2031#2042,1.0
7646#7647,1.0
3691#3698,-1.0
6203#6205,1.0
3309#3311,1.0
3691#3704,-1.0
10963#10964,-1.0
15695#15747,-1.0
4129#4134,-1.0
1160#1165,1.0
8863#8855,1.0
16021#16022,1.0
14094#14095,-1.0
2214#2226,1.0
1506#1507,1.0
790#792,1.0
3648#3647,-1.0
14100#14101,-1.0
7432#7433,1.0
1373#1387,1.0
4275#4276,1.0
7321#7320,1.0
15#18,1.0
5614#5613,-1.0
8259#8270,-1.0
1251#1274,1.0
1390#1394,1.0
586#591,-1.0
11327#11328,-1.0
1560#1564,1.0
1250#1262,-1.0
2272#2275,-1.0
9848#9849,1.0
1645#1654,1.0
4047#4048,-1.0
4116#4125,-1.0
8985#8987,1.0
3740#3743,-1.0
732#734,1.0
3489#3494,-1.0
861#867,1.0
8248#8253,-1.0
163#169,1.0
1301#1307,1.0
2213#2233,1.0
2034#2043,1.0
11571#11572,-1.0
15952#15953,-1.0
1146#1160,1.0
7988#7989,1.0
7595#7596,1.0
4822#4823,-1.0
8084#8088,-1.0
2389#2397,1.0
2361#2382,1.0
10749#10750,-1.0
8948#8949,1.0
8951#8963,1.0
7645#7646,1.0
12154#12155,1.0
1111#1108,1.0
481#488,1.0
3635#3640,-1.0
3473#3481,-1.0
3741#3743,-1.0
3728#3736,-1.0
1112#1120,1.0
732#735,1.0
1383#1379,1.0
493#494,1.0
7321#7301,1.0
15594#15595,-1.0
2190#2199,1.0
820#822,1.0
8166#8182,-1.0
591#590,-1.0
2330#2332,-1.0
8364#8347,-1.0
5567#5579,1.0
87#93,-1.0
1258#1251,-1.0
5655#5665,1.0
2198#2216,1.0
873#879,1.0
7206#7207,1.0
2587#2588,-1.0
4035#4038,-1.0
2035#2041,1.0
16019#16020,1.0
2191#2206,1.0
13254#13255,-1.0
5851#5852,-1.0
4735#4736,1.0
15951#15935,-1.0
1998#2002,1.0
2361#2383,1.0
2591#2592,1.0
8332#8333,-1.0
14870#14847,-1.0
871#879,1.0
871332#903242,-1.0
2209#2210,1.0
7170#7220,1.0
8981#8995,1.0
2058#2059,1.0
3694#3697,-1.0
12389#12390,1.0
1822#1830,1.0
12345#12346,-1.0
1144#1167,1.0
804#806,1.0
8902#8898,1.0
2218#2230,1.0
12394#12395,-1.0
6119#6117,-1.0
1110#1120,1.0
13558#13559,-1.0
1644#1649,1.0
15123#15158,-1.0
2010#2028,1.0
2195#2229,1.0
8030#8037,-1.0
2876#2887,1.0
13899#13900,-1.0
1142#1165,1.0
1108#1115,1.0
15905#15906,1.0
8248#8266,-1.0
453159#844323,-1.0
727#735,1.0
1848#1854,1.0
10560#10561,-1.0
3688#3691,-1.0
1253#1287,1.0
3641#3635,-1.0
1670#1674,1.0
5279#5280,1.0
11185#11186,-1.0
8165#8166,-1.0
13436#13437,-1.0
1144#1170,1.0
11217#11218,-1.0
4006#3998,-1.0
5598#5607,-1.0
12522#12523,-1.0
2329#2326,-1.0
378#379,1.0
2427#2423,1.0
7920#7924,-1.0
7474#7475,1.0
1673#1674,1.0
2195#2206,1.0
1899#1900,1.0
473#474,1.0
8354#8359,-1.0
2254#2255,1.0
1799#1798,1.0
10014#10015,-1.0
482#489,1.0
8862#8855,1.0
8351#8354,-1.0
14726#14727,-1.0
2195#2225,1.0
3998#4002,-1.0
1544#1545,1.0
2198#2234,-1.0
1711#1716,1.0
14200#12045,-1.0
3635#3639,-1.0
2493#2497,1.0
2190#2202,1.0
3728#3734,-1.0
398#409,-1.0
13223#13224,-1.0
597#602,-1.0
1905#1897,1.0
358#363,-1.0
2788#2792,1.0
482#488,1.0
1212#1208,1.0
1388#1379,1.0
198#199,1.0
7233#7235,1.0
12820#14298,-1.0
1645#1649,1.0
730#735,1.0
4116#4117,-1.0
3036#3038,1.0
13736#13737,-1.0
7741#7742,1.0
5637#5651,1.0
9013#9021,1.0
3951#3954,-1.0
8347#8357,-1.0
3635#3644,-1.0
7818#7819,1.0
2971#2972,-1.0
5682#5688,1.0
2433#2437,1.0
3693#3694,-1.0
2077#2086,-1.0
5681#5685,1.0
5676#5683,1.0
2190#2228,1.0
12529#12530,-1.0
5639#5651,1.0
1479#1482,1.0
4046#4048,-1.0
1009#1011,1.0
7635#7636,1.0
8352#8357,-1.0
2396#2398,1.0
1261#1251,-1.0
5579#5568,1.0
7304#7320,1.0
8200#8166,-1.0
8363#8351,-1.0
1653#1654,1.0
2861#2864,1.0
8365#8359,-1.0
9040#9044,1.0
3691#3693,-1.0
1111#1114,1.0
4132#4134,-1.0
8761#8762,1.0
8172#8174,-1.0
6355#6356,1.0
5678#5676,1.0
4088#4091,-1.0
2761#2766,1.0
1212#1214,-1.0
2363#2367,1.0
7733#7734,1.0
6117#6120,1.0
9040#9041,1.0
11303#11304,-1.0
5729#5730,1.0
2209#2212,1.0
1696#1702,1.0
8347#8358,-1.0
382#383,1.0
2553#2556,1.0
1663#1665,1.0
3744#3745,-1.0
2253#2255,1.0
7321#7315,1.0
2450#2447,1.0
3733#3727,-1.0
6660#6661,1.0
3832#3831,-1.0
3732#3733,-1.0
12053#12054,-1.0
488#489,-1.0
955#958,1.0
2195#2223,1.0
2195#2228,1.0
2397#2399,1.0
4133#4135,-1.0
10105#10106,1.0
329#326,1.0
2196#2206,1.0
522923#842343,-1.0
13792#13793,-1.0
2362#2373,1.0
13334#13335,-1.0
2790#2796,1.0
10524#10525,-1.0
1108#1118,1.0
1253#1256,1.0
2036#2037,1.0
1146#1147,1.0
8251#8270,-1.0
1262#1269,-1.0
328#13,1.0
5661#5665,1.0
1385#1379,1.0
1419#1428,1.0
9126#9129,1.0
85195#224939,-1.0
1253#1254,1.0
2787#2792,1.0
14674#14675,-1.0
2190#2212,1.0
1836#1837,1.0
11525#11526,-1.0
2509#2520,1.0
8987#9001,1.0
121#122,1.0
4007#4001,-1.0
8853#8859,-1.0
3181#3183,1.0
2882#2887,1.0
1576#1577,1.0
1419#1429,1.0
10157#10158,-1.0
2898#2903,1.0
2497#2498,1.0
1415#1419,1.0
737#804,1.0
8166#8179,-1.0
1479#1487,1.0
2209#2224,1.0
1251#1269,1.0
2800#2798,1.0
820#829,1.0
5682#5692,1.0
8497#8498,1.0
489#490,1.0
15653#15654,-1.0
228#230,1.0
1560#1566,1.0
4435#4436,-1.0
5471#5472,-1.0
6669#6670,1.0
8365#8347,-1.0
9011#9021,1.0
2302#2304,-1.0
15676#15674,-1.0
6373#6374,1.0
5765#5767,1.0
2514#2521,1.0
1262#1283,-1.0
1253#1271,1.0
2509#2525,1.0
108549#876804,1.0
2388#2398,1.0
610#602,-1.0
1146#1170,1.0
1253#1265,1.0
11291#11292,1.0
1146#1166,1.0
14900#14901,1.0
9028#9035,1.0
2509#2524,1.0
1127#1135,1.0
12173#12174,-1.0
7278#7280,1.0
1545#1555,1.0
799#804,-1.0
1444#1446,1.0
5679#5685,1.0
4083#4085,-1.0
1257#1275,-1.0
2077#2079,1.0
8166#8190,-1.0
1169#1146,1.0
3691#3706,-1.0
14218#14219,-1.0
15#21,1.0
7293#7294,1.0
7293#7308,1.0
12543#12544,-1.0
8299#8303,-1.0
1663#1667,1.0
8987#8993,1.0
2512#2521,1.0
13432#13433,-1.0
8753#8755,1.0
1262#1282,1.0
7216#7218,1.0
8775#8787,1.0
7084#7083,1.0
895#900,1.0
6233#6234,1.0
2198#2215,1.0
12512#14594,-1.0
8089#8174,-1.0
6323#6322,1.0
6507#6509,1.0
15044#15010,-1.0
2874#2885,-1.0
2972#2975,-1.0
326#332,1.0
15010#15049,-1.0
2792#2798,1.0
1257#1280,-1.0
5223#5224,-1.0
3760#3759,-1.0
2883#2885,1.0
9125#9129,1.0
326#14,1.0
2553#2557,1.0
1253#1267,1.0
1672#1673,1.0
2190#2233,1.0
1649#1656,1.0
227#229,1.0
1176#1178,1.0
9701#9702,-1.0
1146#1159,1.0
1566#1568,1.0
810#809,-1.0
11747#11748,-1.0
15570#15571,-1.0
2876#2875,1.0
6827#6828,1.0
2206#2234,-1.0
2029#2028,1.0
2195#2221,1.0
1508#1513,1.0
5570#5579,1.0
2497#2494,1.0
1262#1266,-1.0
2204#2209,1.0
4274#4275,1.0
11832#11833,-1.0
1510#1512,1.0
3691#3708,-1.0
2539#2546,1.0
2450#2442,1.0
2224#2230,1.0
356#359,1.0
2134#2136,1.0
1251#1285,1.0
1648#1649,1.0
8920#8916,1.0
1178#1180,1.0
2010#2025,1.0
1255#1285,1.0
167#169,-1.0
8351#8360,-1.0
480#488,1.0
820#828,1.0
8914#8916,1.0
2215#2226,1.0
1146#1167,1.0
451795#852221,-1.0
3467#3468,1.0
5261#5262,-1.0
1647#1651,1.0
784#785,-1.0
1257#1273,1.0
3634#3646,-1.0
2673#2674,1.0
11422#11423,1.0
7337#7338,-1.0
358#356,1.0
3514#3523,-1.0
2206#2222,1.0
1132#1135,1.0
4009#4010,-1.0
1629#1632,1.0
4113#4116,-1.0
2206#2211,1.0
1262#1284,-1.0
4123#4116,-1.0
9866#9867,-1.0
8025#8034,-1.0
5181#5182,1.0
8895#8898,1.0
15952#15968,1.0
2114#2123,1.0
11343#11342,-1.0
8981#8985,1.0
10255#10256,1.0
1419#1424,1.0
962#967,1.0
8981#9001,1.0
5682#5689,1.0
8987#8992,1.0
10572#10573,-1.0
13199#13200,-1.0
2521#2524,1.0
896#897,1.0
1144#1150,1.0
945#950,1.0
2230#2231,1.0
806#807,1.0
2392#2397,1.0
8839#8843,1.0
2034#2044,1.0
6633#6632,1.0
8914#8918,1.0
8282#8283,1.0
12695#12696,-1.0
1997#1999,1.0
7003#7004,1.0
8246#8263,-1.0
1111#1119,1.0
1506#1513,1.0
2800#2789,1.0
11143#11144,-1.0
15982#15983,-1.0
1365#1360,1.0
2208#2230,1.0
1848#1855,1.0
3538#3534,-1.0
6010#6011,-1.0
1797#1801,1.0
4010#4013,-1.0
3458#3459,1.0
10032#10033,1.0
15518#15499,-1.0
2898#2908,1.0
20238#740722,-1.0
1984#1976,1.0
8027#8034,-1.0
8847#8843,1.0
5371#5372,1.0
12579#12580,-1.0
3700#3705,-1.0
8030#8031,-1.0
1316#1318,1.0
2697#2698,1.0
1594#1597,1.0
6131#6133,1.0
552697#554064,-1.0
8813#8814,1.0
397#402,1.0
2202#2226,1.0
2189#2190,1.0
12315#12316,-1.0
8103#8102,-1.0
13#334,1.0
1111#1113,1.0
1826#1828,1.0
950#946,1.0
12224#12225,-1.0
2206#2226,1.0
12775#12776,-1.0
8375#8377,-1.0
1774#1768,1.0
8987#8988,1.0
7412#7413,1.0
3694#3698,-1.0
673103#719889,1.0
894#895,1.0
1972#1981,1.0
879#880,1.0
2509#2519,1.0
5723#5724,-1.0
6136#6138,1.0
8960#8963,1.0
2206#2223,1.0
1652#1654,1.0
1670#1673,1.0
1847#1848,1.0
6804#6805,1.0
5600#5607,-1.0
933#931,1.0
8810#8816,1.0
9912#9913,-1.0
12629#12630,1.0
2593#2595,1.0
2195#2190,1.0
6315#6318,1.0
946#947,1.0
1545#1546,1.0
6015#6016,1.0
8033#8034,-1.0
2194#2198,1.0
3489#3497,-1.0
5273#5274,-1.0
7939#7940,1.0
11374#11375,-1.0
4129#4130,-1.0
1646#1654,1.0
11422#11423,-1.0
15901#15902,1.0
8089#8166,-1.0
8167#8174,-1.0
1378#1379,1.0
8246#8254,-1.0
6117#6122,1.0
235978#519269,-1.0
691#692,1.0
2790#2792,1.0
1419#1420,1.0
7629#7630,1.0
2875#2887,1.0
7817#7820,1.0
8054#8058,-1.0
1976#1977,1.0
4336#4333,1.0
9235#9236,1.0
4048#4049,-1.0
2451#2452,1.0
5547#5549,1.0
11596#11597,-1.0
2132#2133,1.0
1067#1069,1.0
830#867,1.0
2209#2233,1.0
14865#14856,-1.0
2084#2077,1.0
2864#2865,1.0
6660#6662,1.0
13782#13783,-1.0
5956#5957,1.0
8981#8994,1.0
1946#1954,1.0
2547#2562,-1.0
597#615,-1.0
13639#13640,-1.0
70#72,1.0
12583#12584,1.0
3380#3381,1.0
2370#2374,1.0
2704#2708,1.0
6430#6431,1.0
7088#7091,1.0
2883#2887,1.0
12628#12629,1.0
2209#2215,1.0
2190#2197,1.0
8211#8210,-1.0
1035#1031,1.0
15414#15359,-1.0
6992#6993,1.0
2818#2835,1.0
67#78,1.0
1545#1549,1.0
2786#2792,1.0
8853#8857,1.0
1646#1657,1.0
12317#12318,-1.0
10971#10972,-1.0
2520#2521,1.0
1654#1658,1.0
3693#3695,-1.0
9080#9084,1.0
10046#10047,-1.0
6994#6992,1.0
8262#8270,-1.0
955#952,1.0
728#732,1.0
16764#84574,-1.0
1262#1276,-1.0
8981#8999,1.0
1835#1840,1.0
8352#8353,-1.0
2190#2221,1.0
730#732,1.0
8200#8174,-1.0
2370#2371,1.0
6133#6139,1.0
2548#2562,1.0
2759#2762,1.0
8898#8903,1.0
2204#2224,1.0
2087#2088,1.0
2029#2024,1.0
11747#11748,1.0
8978#8981,1.0
1394#1402,-1.0
8248#8268,-1.0
8721#8722,-1.0
12397#12398,-1.0
2882#2885,1.0
8298#8299,-1.0
8798#8800,-1.0
881#887,1.0
1318#1320,1.0
2147#2153,-1.0
11005#11006,-1.0
9998#9999,-1.0
5646#5638,1.0
2880#2887,1.0
2419#2423,1.0
8283#8284,1.0
7211#7209,1.0
1674#1676,1.0
8916#8917,1.0
2230#2233,1.0
6274#6275,1.0
356#367,1.0
1835#1836,1.0
1129#1135,1.0
4333#4339,1.0
168#171,-1.0
5379#5380,1.0
2422#2423,1.0
1479#1485,1.0
8196#8166,-1.0
3635#3562,-1.0
4089#4091,-1.0
8299#8302,1.0
6133#6138,1.0
4951#4952,-1.0
3639#3648,-1.0
597#610,-1.0
9696#9697,-1.0
6203#6214,1.0
8954#8949,1.0
451#465,1.0
896#898,1.0
1379#1387,1.0
1200#1203,1.0
2195#2234,-1.0
4511#4512,1.0
1257#1266,-1.0
1781#1782,1.0
2370#2372,1.0
8891#8893,1.0
893#899,1.0
2198#2199,1.0
1572#1577,1.0
6816#6818,1.0
2586#2587,-1.0
8981#9006,1.0
610#603,-1.0
1905#1891,1.0
329#331,1.0
1144#1165,1.0
3943#3941,-1.0
7277#7278,1.0
12369#12370,-1.0
12828#12829,-1.0
401#409,-1.0
14103#14104,-1.0
8772#8768,1.0
1203#1207,1.0
8173#8166,-1.0
10414#10415,-1.0
5638#5639,1.0
2252#2256,1.0
10775#10776,-1.0
1560#1565,1.0
8084#8087,-1.0
3998#4008,-1.0
6838#6839,1.0
8174#8183,-1.0
1944#1946,1.0
721#724,-1.0
3491#3487,-1.0
2632#2637,1.0
10673#10674,-1.0
15325#15278,-1.0
945#949,1.0
1835#1845,1.0
365#356,1.0
6379#6380,1.0
1671#1674,1.0
2329#2327,-1.0
7306#7320,1.0
8362#8351,-1.0
8740#8741,1.0
5598#5613,-1.0
2250#2252,1.0
12623#12624,1.0
2077#2082,1.0
4135#4137,-1.0
7531#7532,1.0
1385#1373,1.0
1419#1418,1.0
9016#9021,1.0
1253#1260,-1.0
1371#1360,1.0
5145#5146,1.0
7293#7313,1.0
2391#2398,1.0
6468#6469,1.0
804#738,1.0
99#106,1.0
12134#12135,1.0
1394#1411,-1.0
3516#3523,-1.0
787#792,1.0
8348#8351,-1.0
2559#2560,1.0
9013#9020,1.0
799#808,-1.0
5680#5685,1.0
1990#1998,1.0
2668#2674,1.0
12637#12638,-1.0
2505#2502,1.0
6945#6944,1.0
6818#6819,1.0
2190#2229,1.0
2769#2800,1.0
1107#1120,1.0
9028#9032,1.0
2500#2502,1.0
1008#1009,1.0
2209#2213,1.0
335#338,1.0
5599#5612,-1.0
8981#8987,1.0
2502#2504,1.0
4010#4015,-1.0
828#829,1.0
2083#2088,-1.0
11989#12195,-1.0
3656#3666,-1.0
408#409,-1.0
399#407,-1.0
2011#2029,1.0
2010#2015,1.0
272#274,1.0
5684#5676,-1.0
2195#2219,1.0
6335#6336,1.0
356#361,1.0
7481#7484,1.0
8770#8771,1.0
5609#5612,-1.0
1251#1287,1.0
7312#7320,1.0
5860#5861,1.0
14991#14959,-1.0
4122#4116,-1.0
9169#9170,1.0
3739#3741,-1.0
8902#8891,1.0
610#605,-1.0
8814#8816,1.0
871#875,1.0
14572#14573,-1.0
7759#7760,-1.0
2188#2226,-1.0
11331#11332,-1.0
7619#7620,-1.0
8056#8058,-1.0
9037#9039,1.0
12767#12768,1.0
2204#2206,1.0
610#599,-1.0
10888#10889,-1.0
6526#6527,1.0
3694#3701,-1.0
12082#12083,-1.0
8955#8963,1.0
1178#1185,1.0
3702#3705,-1.0
1033#1031,1.0
13675#13676,-1.0
2206#2208,-1.0
13318#13319,-1.0
494#495,1.0
189#199,1.0
12236#12237,1.0
2198#2228,1.0
8005#8006,1.0
1255#1281,1.0
11572#11573,-1.0
1646#1651,1.0
6395#6396,1.0
6678#6679,1.0
1363#1371,1.0
399#404,1.0
8980#8981,1.0
9010#9021,1.0
14392#14393,-1.0
3193#3194,1.0
4971#4972,-1.0
7670#519599,-1.0
2409#2410,1.0
11635#11636,-1.0
2249#2255,1.0
7548#7550,1.0
2880#2885,1.0
15729#15695,-1.0
8745#8740,1.0
9842#9843,-1.0
731#735,1.0
2507#2509,1.0
10578#10579,-1.0
2209#2214,1.0
12346#12347,-1.0
1649#1658,1.0
12868#12869,-1.0
1899#1902,1.0
2029#2016,1.0
8741#8740,1.0
12988#12989,-1.0
2767#2761,1.0
2553#2547,1.0
1298#1300,1.0
800#810,-1.0
2058#2062,1.0
12972#12973,1.0
1397#1394,1.0
12261#12262,-1.0
2213#2226,1.0
12198#11238,-1.0
2363#2372,1.0
6137#6140,1.0
2212#2226,1.0
1398#1394,1.0
2980#2982,1.0
8168#8166,-1.0
2211#2226,1.0
11436#11437,-1.0
1651#1653,1.0
8949#8963,1.0
8918#8921,1.0
8784#8776,1.0
9425#9426,-1.0
2197#2226,1.0
8174#8184,-1.0
5678#5686,1.0
1997#1998,1.0
2898#2899,1.0
449#450,-1.0
4224#4225,1.0
1311#1310,1.0
2820#2835,1.0
1441#1444,1.0
6322#6324,1.0
955#956,1.0
2671#2674,1.0
1257#1272,1.0
1836#1839,1.0
2391#2397,1.0
5676#5676,1.0
1146#1141,1.0
1444#1456,1.0
405#409,1.0
1253#1284,1.0
2547#2559,-1.0
4056#4057,-1.0
9780#9781,-1.0
2782#2796,-1.0
3634#3561,-1.0
1144#1160,1.0
459803#768744,-1.0
11009#11008,-1.0
1144#1166,1.0
1255#1278,1.0
4011#4014,-1.0
2509#2522,1.0
8347#8360,-1.0
7594#7593,1.0
14735#14736,-1.0
1997#2000,1.0
10248#10249,1.0
1111#1117,1.0
6817#6818,1.0
2480#2502,1.0
2461#2477,1.0
399#406,1.0
2548#2559,1.0
1987#1981,1.0
3635#3561,-1.0
168#169,-1.0
1270#1264,1.0
401#402,1.0
9888#9889,-1.0
12659#12660,-1.0
2541#2546,1.0
875#876,1.0
11215#11216,-1.0
5656#5665,1.0
1821#1827,1.0
6292#6293,1.0
8739#8740,1.0
784#786,1.0
1698#1703,1.0
1893#1899,1.0
8309#8308,1.0
5602#5607,-1.0
11874#11875,-1.0
9015#9021,1.0
2226#2230,1.0
10307#10308,-1.0
1905#1889,1.0
2203#2209,1.0
5387#5388,1.0
2416#2425,1.0
2147#2148,1.0
7320#7310,1.0
1251#1267,1.0
13886#13887,-1.0
2830#2835,-1.0
6945#6943,1.0
3562#3648,-1.0
70#74,1.0
831#867,1.0
2223#2230,1.0
4082#4083,-1.0
5827#5828,-1.0
2450#2444,1.0
5203#5204,1.0
2315#2318,-1.0
1249#1255,1.0
610#601,-1.0
11920#12376,-1.0
4533#4534,1.0
818#820,1.0
2190#2215,1.0
2200#2224,1.0
6183#6184,1.0
12437#11878,-1.0
8987#9002,1.0
2801#2806,1.0
644#648,1.0
6134#6138,1.0
487328#568135,1.0
7017#7018,1.0
2222#2226,1.0
2450#2452,1.0
11237#11238,-1.0
4#199,1.0
597#604,-1.0
2224#2232,1.0
2122#2123,1.0
779#784,1.0
6137#6138,1.0
6670#6671,1.0
2511#2521,1.0
2272#2271,-1.0
109498#515170,-1.0
1253#1273,1.0
2291#2296,-1.0
2395#2398,1.0
14877#14847,1.0
15359#15360,-1.0
1108#1119,1.0
4134#4140,-1.0
1146#1161,1.0
15119#15137,-1.0
1793#1797,1.0
11659#11660,-1.0
892#895,1.0
406#409,-1.0
986#991,1.0
896#892,1.0
8783#8784,1.0
5015#5016,-1.0
12947#12948,-1.0
6763#6764,1.0
2217#2226,1.0
2029#2022,1.0
1545#1554,1.0
8166#8202,-1.0
11351#11352,-1.0
9038#9039,1.0
3697#3705,-1.0
7317#7320,1.0
1108#1121,1.0
1479#1483,1.0
15764#15765,1.0
933#932,1.0
14871#14841,-1.0
3821#3823,1.0
3758#3760,-1.0
3687#3695,-1.0
2791#2796,1.0
2377#2361,1.0
1027#1028,1.0
3250#3253,1.0
4128#4134,-1.0
2670#2674,1.0
6991#6988,1.0
2120#2123,-1.0
15247#15272,1.0
1253#1259,1.0
2562#2559,1.0
2363#2368,1.0
648#653,1.0
3634#3648,-1.0
485#489,1.0
7802#7801,1.0
803#804,1.0
15286#15297,-1.0
810#808,-1.0
1444#1450,1.0
6203#6210,1.0
14413#14414,-1.0
3954#3948,-1.0
7040#7042,1.0
11238#14158,-1.0
8246#8270,-1.0
368#370,1.0
3691#3697,-1.0
2194#2213,1.0
13029#13030,-1.0
8197#8174,-1.0
820#823,1.0
892#893,1.0
2194#2226,1.0
10819#10820,-1.0
8156#8158,1.0
2035#2032,1.0
1987#1976,1.0
8248#8270,-1.0
6833#6836,1.0
11217#11218,-1.0
11428#11429,-1.0
11101#11102,-1.0
1249#1257,1.0
14067#14068,-1.0
3014#3015,1.0
873344#901498,1.0
7159#7166,1.0
1305#1308,1.0
2206#2224,1.0
798#810,1.0
8855#8857,1.0
2480#2481,1.0
892#899,1.0
5643#5638,1.0
7163#7159,1.0
1342#1350,1.0
5547#5548,1.0
2401#2396,1.0
2188#2230,1.0
2505#2480,1.0
1190#1194,1.0
1835#1839,1.0
7293#7297,1.0
7634#7635,1.0
8372#8375,-1.0
66#70,1.0
8808#8813,1.0
5179#5180,1.0
4128#4135,-1.0
15619#15620,-1.0
12142#13906,-1.0
2189#2230,1.0
1646#1644,1.0
1700#1702,1.0
849#850,1.0
1646#1650,1.0
8981#8998,1.0
6451#6452,1.0
10488#10489,-1.0
1301#1308,1.0
9040#9046,1.0
2188#2224,1.0
400#409,1.0
2198#2220,-1.0
1819#1824,1.0
1988#1981,1.0
6677#6678,1.0
2303#2304,-1.0
1382#1379,1.0
463852#896399,-1.0
1264#1268,1.0
1391#1394,1.0
810#738,1.0
12287#13943,-1.0
9770#9771,-1.0
2553#2550,1.0
986#992,1.0
13880#13881,-1.0
1905#1902,1.0
2207#2224,1.0
7293#7317,1.0
4349#4350,1.0
165#169,1.0
3758#3759,-1.0
3635#3643,-1.0
11966#14190,-1.0
1250#1253,1.0
2550#2562,-1.0
15187#15167,1.0
15286#15340,1.0
1056#1057,1.0
413#422,1.0
1146#1155,1.0
4234#4238,-1.0
9844#9845,1.0
8351#8355,-1.0
2190#2231,1.0
7168#7159,1.0
7157#7159,1.0
12820#12821,-1.0
4130#4139,-1.0
2452#2453,1.0
1252#1262,-1.0
347#350,1.0
1342#1344,1.0
7802#7800,1.0
2829#2835,1.0
6694#6698,1.0
2664#2674,1.0
8744#8740,1.0
597#603,-1.0
8007#8008,-1.0
610#607,-1.0
859#867,1.0
588#591,-1.0
1798#1792,1.0
5610#5613,-1.0
1646#1656,1.0
11045#11046,-1.0
11265#11266,-1.0
8888#8898,1.0
8374#8375,-1.0
4400#4401,1.0
4237#4238,-1.0
15576#15577,-1.0
6138#6140,1.0
8257#8270,-1.0
4882#4883,-1.0
12291#12112,-1.0
1762#1769,1.0
1257#1284,-1.0
14267#11920,-1.0
8351#8356,-1.0
2553#2548,1.0
2366#2373,1.0
363#366,1.0
4945#4946,-1.0
1560#1567,1.0
1050#1051,1.0
12174#12175,-1.0
3951#3953,-1.0
933#930,1.0
868004#883955,-1.0
12982#12983,1.0
2213#2223,1.0
196#199,1.0
1946#1953,1.0
207160#838606,-1.0
3162#3164,1.0
2224#2233,1.0
3472#3473,-1.0
1774#1767,1.0
11199#11200,-1.0
8894#8898,1.0
12821#12822,-1.0
2783#2792,1.0
8081#8084,-1.0
853325#867956,-1.0
7293#7311,1.0
7037#7038,1.0
7307#7320,1.0
12181#12182,-1.0
13035#13036,-1.0
1560#1568,1.0
9682#9683,-1.0
1589#1590,1.0
1050#1048,1.0
5676#5688,1.0
7206#7209,1.0
2925#2928,1.0
2878#2885,1.0
1141#1165,1.0
3694#3700,-1.0
2077#2078,1.0
1994#1998,1.0
2190#2217,1.0
6416#6417,1.0
1798#1790,1.0
1942#1946,1.0
1545#1557,1.0
402#405,-1.0
8855#8858,-1.0
7650#7651,1.0
8040#8034,-1.0
4102#4103,-1.0
13892#13893,-1.0
2272#2270,-1.0
1262#1274,1.0
93#95,1.0
6206#6203,1.0
4409#4410,-1.0
15665#15654,-1.0
8891#8903,1.0
1146#1152,1.0
8916#8925,1.0
12323#12324,-1.0
875#878,1.0
6686#6685,1.0
3310#3311,1.0
8537#8538,-1.0
489#492,1.0
2861#2865,1.0
780#784,1.0
2877#2885,1.0
10309#10310,-1.0
2862#2865,1.0
13641#13642,-1.0
1836#1846,1.0
2409#2412,1.0
6938#6939,1.0
3967#3968,1.0
2492#2498,1.0
12720#12721,-1.0
6946#6947,1.0
8166#8180,-1.0
6367#6369,1.0
404#409,1.0
8258#8270,-1.0
2077#2087,1.0
3489#3490,-1.0
14427#14428,-1.0
8163#8174,-1.0
8979#8981,1.0
1774#1770,1.0
7320#7295,1.0
1971#1981,1.0
1145#1146,1.0
2190#2222,1.0
1257#1274,-1.0
3739#3742,-1.0
413#421,1.0
893#898,1.0
1798#1793,1.0
1262#1287,1.0
1827#1832,1.0
1122#1135,1.0
12868#12869,-1.0
355#356,1.0
2509#2523,1.0
1824#1826,1.0
1824#1828,1.0
764#761,1.0
2408#2409,1.0
13#332,1.0
1400#1394,-1.0
12817#12818,-1.0
2794#2796,1.0
2562#2557,1.0
4134#4139,-1.0
16027#15989,-1.0
3086#3087,1.0
6939#6937,1.0
15434#15435,1.0
597#612,-1.0
932#935,1.0
3624#3625,1.0
4350#4351,1.0
2201#2213,1.0
451764#731517,1.0
8987#9005,1.0
5779#5780,-1.0
1646#1647,1.0
8813#8816,1.0
2806#2808,1.0
6000#6001,-1.0
1178#1184,1.0
5635#5651,1.0
7278#7281,1.0
3635#3636,-1.0
5603#5607,-1.0
2195#2231,1.0
2133#2144,1.0
3694#3703,-1.0
15406#15388,-1.0
2196#2224,1.0
2371#2373,1.0
8918#8929,1.0
13#330,1.0
6314#6318,1.0
7293#7319,1.0
7036#7038,1.0
2473#2477,1.0
7251#7253,1.0
4135#4140,-1.0
7413#7414,1.0
8186#8166,-1.0
292036#656098,-1.0
480#489,1.0
2898#2915,1.0
7309#7320,1.0
357#363,-1.0
7700#7701,1.0
12404#12405,-1.0
727#734,1.0
8983#8987,1.0
389#387,1.0
2521#2525,1.0
11884#11885,-1.0
7434#7435,1.0
2800#2790,1.0
3701#3705,-1.0
819#829,1.0
1575#1577,1.0
803#810,1.0
777#784,1.0
6380#6381,1.0
336#337,1.0
8551#8552,-1.0
504034#875738,-1.0
1363#1360,1.0
12981#12982,-1.0
453#452,1.0
6117#6127,1.0
630#633,1.0
164#169,1.0
820#824,1.0
2252#2253,1.0
4043#4048,-1.0
12454#12455,-1.0
2251#2252,1.0
8897#8898,1.0
9586#9587,-1.0
3951#3949,-1.0
1198#1203,1.0
7293#7306,1.0
1976#1979,1.0
2198#2218,-1.0
2031#2033,1.0
11408#11409,-1.0
2476#2477,1.0
1180#1186,1.0
14280#14281,-1.0
12533#12534,-1.0
3941#3942,-1.0
2954#2956,1.0
1251#1284,1.0
1107#1111,1.0
1212#1219,1.0
1444#1454,1.0
5680#5682,1.0
13237#13238,-1.0
11928#11929,-1.0
2433#2436,1.0
1197#1203,1.0
402#407,-1.0
96#93,1.0
6939#6936,1.0
9009#9021,1.0
2452#2454,1.0
5606#5612,-1.0
2521#2523,1.0
2876#2883,1.0
1702#1703,1.0
7732#7734,1.0
1762#1773,1.0
15001#15002,-1.0
342#345,-1.0
8695#8696,-1.0
2010#2029,1.0
1253#1280,1.0
8533#8534,-1.0
356#360,1.0
2450#2454,1.0
1835#1843,1.0
1836#1838,1.0
8949#8955,1.0
49460#553116,-1.0
4009#4014,-1.0
7819#7820,1.0
8987#8995,1.0
338#339,1.0
3409#3411,-1.0
2800#2793,1.0
2549#2559,1.0
2465#2477,1.0
9366#9367,-1.0
4547#4548,1.0
1304#1301,1.0
1175#1186,1.0
863#867,1.0
9029#9039,1.0
64785#223233,-1.0
5643#5651,1.0
10291#10292,-1.0
2876#2880,1.0
1848#1853,1.0
1791#1797,1.0
386#387,1.0
1007#1012,1.0
2925#2930,1.0
1414#1394,1.0
8597#8598,-1.0
5601#5613,-1.0
2190#2208,1.0
5685#5690,1.0
897#895,1.0
8246#8259,-1.0
2252#2255,1.0
1946#1955,1.0
2013#2029,1.0
5966#5967,-1.0
3456#3458,1.0
1253#1268,1.0
1255#1277,1.0
4346#4333,1.0
2881#2887,1.0
1740#1757,1.0
9344#9345,-1.0
799#807,-1.0
1828#1829,1.0
8981#8988,1.0
6613#6614,1.0
2786#2800,1.0
5676#5684,-1.0
1183#1178,1.0
1560#1563,1.0
2082#2088,-1.0
1161#1165,1.0
8253#8270,-1.0
5545#5548,-1.0
1820#1827,1.0
7293#7315,1.0
10230#10231,-1.0
6648#6649,1.0
9034#9039,1.0
2193#2213,1.0
304#308,1.0
2215#2230,1.0
169#170,1.0
892#894,1.0
2363#2365,1.0
1111#1120,1.0
1373#1382,1.0
1251#1273,1.0
8852#8853,1.0
1848#1851,1.0
2367#2370,1.0
1264#1277,1.0
1975#1981,1.0
326#333,1.0
11784#11785,-1.0
2800#2792,1.0
456#459,1.0
6934#6937,1.0
456#465,1.0
1251#1275,-1.0
12236#12237,-1.0
3695#3701,-1.0
8493#8494,-1.0
1559#1566,1.0
10518#10519,-1.0
1022#1028,1.0
1419#1417,1.0
2821#2835,1.0
15387#15388,-1.0
7314#7320,1.0
658#659,-1.0
2762#2765,1.0
1888#1899,1.0
8742#8740,1.0
1264#1283,1.0
2839#2840,1.0
10386#10387,-1.0
12894#12895,1.0
2395#2397,1.0
8437#8438,-1.0
5541#5547,1.0
7304#7321,1.0
5691#5686,1.0
10677#10678,-1.0
8199#8166,-1.0
2768#2792,1.0
7232#7235,1.0
5682#5684,-1.0
9364#9365,-1.0
10623#10624,-1.0
9155#9156,-1.0
12653#12654,-1.0
6970#6972,1.0
1264#1269,1.0
9021#9022,1.0
4038#4040,-1.0
13947#13948,-1.0
10894#10895,-1.0
1318#1319,1.0
6117#6125,-1.0
8030#8033,-1.0
402#404,1.0
12180#12181,-1.0
2994#2996,1.0
3294#3295,1.0
70#78,1.0
811#807,1.0
1764#1774,1.0
8363#8347,-1.0
3538#3535,-1.0
8916#8929,1.0
1510#1511,1.0
1262#1286,1.0
2199#2224,1.0
3688#3694,-1.0
930#935,1.0
2767#2762,1.0
1479#1480,1.0
347#353,1.0
1251#1262,-1.0
631#633,1.0
2029#2026,1.0
2416#2422,1.0
9028#9026,1.0
99#107,1.0
3142#3144,1.0
8849#8855,-1.0
8959#8963,1.0
8891#8894,1.0
1819#1827,1.0
10614#10615,-1.0
4447#4448,1.0
737#808,1.0
8792#8791,1.0
1897#1899,1.0
1153#1165,1.0
2526#2521,1.0
8777#8784,1.0
2317#2319,-1.0
1106#1120,1.0
1134#1135,1.0
398#399,1.0
9031#9039,1.0
2390#2401,1.0
2416#2419,1.0
377311#493397,-1.0
7760#7761,1.0
2198#2201,1.0
2205#2206,1.0
454#465,1.0
2190#2198,1.0
1212#1210,1.0
3950#3951,-1.0
2230#2234,1.0
8170#8166,-1.0
7646#7648,1.0
2450#2451,-1.0
1998#2000,1.0
7034#7035,1.0
13133#13134,-1.0
992#991,1.0
12622#12623,-1.0
8916#8930,1.0
38#39,1.0
15391#15392,-1.0
8981#8986,1.0
827#829,1.0
1946#1949,1.0
1175#1178,1.0
893#895,1.0
8248#8257,-1.0
8891#8897,1.0
2209#2232,1.0
895#898,1.0
1788#1789,1.0
887#890,1.0
9491#9492,-1.0
1836#1841,1.0
4330#4333,1.0
7293#7314,1.0
2220#2224,-1.0
12637#12638,-1.0
8792#8789,1.0
2892#2898,1.0
12398#12399,-1.0
2509#2518,1.0
1562#1566,1.0
6117#6121,1.0
2190#2226,1.0
9511#9512,-1.0
6203#6213,1.0
323309#850509,-1.0
2052#2058,1.0
2199#2213,1.0
8030#8039,-1.0
2295#2296,-1.0
4395#4401,1.0
1375#1379,1.0
1823#1824,1.0
8896#8898,1.0
3518#3523,-1.0
4903#4904,-1.0
7668#7667,1.0
2195#2199,1.0
402#408,1.0
2133#2139,1.0
8965#8963,1.0
821#829,1.0
2390#2397,1.0
1674#1677,1.0
1257#1256,-1.0
304#306,1.0
896#900,1.0
14692#14702,-1.0
8893#8898,1.0
3634#3645,-1.0
1362#1360,1.0
12827#12828,1.0
2086#2088,1.0
2674#2677,1.0
2862#2864,1.0
1030#1031,1.0
11810#11811,-1.0
3726#3728,-1.0
1264#1272,1.0
13878#13879,-1.0
1111#1121,1.0
10098#10099,1.0
1374#1379,1.0
7293#7301,1.0
1252#1257,-1.0
12448#12449,-1.0
407#409,1.0
12948#12949,1.0
65#70,1.0
2207#2213,1.0
4010#4016,-1.0
9027#9039,1.0
26#27,1.0
2029#2015,1.0
304#307,1.0
6870#6871,1.0
1255#1265,1.0
886#887,1.0
1264#1260,1.0
1646#1653,1.0
326#327,1.0
192#199,1.0
1894#1899,1.0
727#731,1.0
488#491,1.0
8057#8058,-1.0
1264#1265,1.0
481#489,-1.0
8246#8261,-1.0
8916#8918,1.0
2195#2222,1.0
387#388,1.0
967#968,1.0
1649#1650,1.0
9830#9831,-1.0
5789#5790,-1.0
8485#8486,-1.0
1651#1654,1.0
5598#5612,-1.0
5682#5687,1.0
6129#6138,1.0
2010#2026,1.0
8346#8347,-1.0
1850#1861,1.0
10440#10441,-1.0
877#879,1.0
2213#2220,1.0
587#591,-1.0
2707#2708,1.0
1479#1486,1.0
1664#1666,1.0
2863#2865,1.0
2195#2211,1.0
4010#4014,-1.0
7293#7300,1.0
13096#13097,-1.0
8263#8270,-1.0
13037#13038,-1.0
2219#2226,1.0
15010#15046,1.0
7506#7508,1.0
1824#1830,1.0
3730#3733,-1.0
1689#1695,1.0
1111#1116,1.0
8027#8030,-1.0
2450#2456,1.0
1757#1758,1.0
15010#15057,-1.0
8949#8950,1.0
13134#13135,-1.0
9197#9198,1.0
1597#1598,1.0
12071#12072,-1.0
226#229,1.0
1822#1824,1.0
8853#8863,1.0
5638#5648,1.0
1258#1262,1.0
3969#3970,-1.0
7506#7507,1.0
1258#1255,-1.0
5608#5613,-1.0
1946#1957,1.0
97#93,1.0
2209#2228,1.0
8264#8270,-1.0
1021#1028,1.0
14405#14406,-1.0
92#93,1.0
3848#3849,1.0
4135#4136,-1.0
9743#9744,-1.0
1696#1703,1.0
1673#1677,1.0
15359#15377,-1.0
883#887,1.0
1941#1946,1.0
1444#1448,1.0
15623#15624,-1.0
11462#11463,-1.0
1253#1275,-1.0
496#497,1.0
166#169,1.0
2226#2228,1.0
803#808,1.0
9080#9086,1.0
3301#3302,1.0
8768#8770,1.0
1108#1110,1.0
1131#1135,1.0
1835#1838,1.0
12370#12371,-1.0
1373#1386,1.0
7436#7438,1.0
2294#2296,-1.0
1834#1842,1.0
8174#8201,-1.0
2402#2409,1.0
7293#7322,1.0
8166#8188,-1.0
2031#2038,1.0
2546#2545,1.0
4589#4590,-1.0
7216#7170,1.0
1264#1257,-1.0
7161#7159,1.0
9080#9082,1.0
3707#3694,-1.0
8171#8174,-1.0
2206#2212,1.0
6880#6883,1.0
3659#3656,-1.0
1261#1253,-1.0
400#402,-1.0
8987#8990,1.0
8173#8174,-1.0
2138#2133,1.0
13200#13201,-1.0
8740#8748,1.0
12655#12656,1.0
5687#5686,1.0
1798#1791,1.0
11703#11704,1.0
4183#4184,-1.0
3457#3458,1.0
4128#4130,-1.0
1203#1206,1.0
597#605,-1.0
2202#2209,1.0
13476#13477,-1.0
2213#2224,1.0
15245#15246,-1.0
1179#1186,1.0
2189#2213,1.0
15394#15383,-1.0
1943#1946,1.0
1974#1980,1.0
3640#3648,-1.0
331#14,1.0
3651#3648,-1.0
597#613,-1.0
13442#13443,1.0
4233#4237,-1.0
457#465,1.0
9318#9319,-1.0
402#409,-1.0
4790#4791,1.0
11966#11967,1.0
8330#8331,1.0
8772#8771,1.0
1050#1046,1.0
3523#3528,-1.0
2029#2027,1.0
2226#2231,1.0
1697#1702,1.0
1905#1900,1.0
3691#3703,-1.0
4037#4038,-1.0
12307#11920,-1.0
8775#8776,1.0
1146#1149,1.0
2372#2373,1.0
732#733,1.0
8268#8270,-1.0
2192#2226,1.0
1649#1652,1.0
2477#2479,1.0
12179#12180,-1.0
11774#11775,-1.0
8786#8784,1.0
9800#9801,-1.0
5835#5836,-1.0
3635#3651,-1.0
3695#3709,-1.0
13486#13487,-1.0
7321#7294,1.0
2558#2553,1.0
12647#12648,-1.0
4102#4106,-1.0
8346#8359,-1.0
7207#7212,1.0
8633#8634,-1.0
3728#3733,-1.0
2203#2224,1.0
3296#3297,1.0
1990#2001,1.0
8752#8755,-1.0
7293#7295,1.0
169#173,1.0
9954#9955,-1.0
13#331,1.0
2206#2209,1.0
7803#7804,1.0
1664#1667,1.0
6918#6919,1.0
2518#2521,1.0
8353#8359,-1.0
896#893,1.0
610#616,-1.0
1824#1832,1.0
7321#7312,1.0
6826#6828,1.0
9902#9911,-1.0
2115#2123,1.0
5443#5444,-1.0
2858#2864,1.0
8347#8352,-1.0
4005#3998,-1.0
2077#2085,1.0
8877#8878,1.0
1105#1120,1.0
1715#1716,1.0
6867#6869,1.0
10731#10732,-1.0
1372#1373,1.0
8978#8987,1.0
3660#3656,-1.0
5676#5681,1.0
12635#12636,-1.0
2499#2480,1.0
11739#11740,-1.0
4281#4282,1.0
6150#6152,1.0
9423#9424,1.0
4397#4401,-1.0
887#889,1.0
2462#2477,1.0
2658#2674,1.0
9125#9127,1.0
2898#2911,1.0
226#228,1.0
1108#1112,1.0
1128#1135,1.0
803#807,1.0
8853#8860,1.0
6881#6883,1.0
13057#13058,1.0
99#102,1.0
2667#2674,1.0
8246#8251,-1.0
5604#5612,-1.0
14748#14738,-1.0
6762#6763,1.0
1373#1379,1.0
8840#8843,1.0
7316#7320,1.0
1834#1835,1.0
2206#2210,1.0
12220#12221,-1.0
9864#9865,-1.0
720#721,-1.0
11237#11238,1.0
2133#2137,1.0
8558#8816,1.0
1264#1285,1.0
1123#1135,1.0
2058#2060,1.0
853#850,1.0
8505#8506,-1.0
9028#9037,1.0
8211#8208,-1.0
3489#3495,-1.0
3728#3730,-1.0
8962#8963,1.0
9013#9016,1.0
1342#1347,1.0
1856#1861,1.0
7594#7591,1.0
6418#6419,1.0
3705#3709,-1.0
2081#2088,-1.0
8981#8989,1.0
1317#1318,1.0
3512#3523,-1.0
3645#3648,-1.0
8981#9005,1.0
4350#4352,1.0
1364#1360,1.0
1973#1980,1.0
893#894,1.0
2866#2869,-1.0
464159#758626,-1.0
1762#1771,1.0
15286#15287,1.0
11420#11421,-1.0
8199#8174,-1.0
1135#1139,1.0
8951#8956,1.0
11864#11865,-1.0
11420#11421,1.0
2980#2981,-1.0
2898#2906,1.0
14038#14039,-1.0
15#392,-1.0
8248#8252,-1.0
2592#2595,1.0
13531#13532,-1.0
8920#8918,1.0
2133#2141,1.0
11238#12090,-1.0
9036#9039,1.0
5680#5686,1.0
1114#1120,1.0
488#490,1.0
5574#5579,1.0
1264#1250,1.0
3691#3702,-1.0
9721#9722,-1.0
14264#12077,-1.0
3634#3642,-1.0
1299#1300,1.0
9013#9017,1.0
8987#9000,1.0
8841#8843,1.0
788#792,-1.0
2876#2885,1.0
4401#4403,1.0
5481#5482,-1.0
12148#12149,-1.0
2806#2809,1.0
688#689,1.0
15763#15772,-1.0
2857#2864,1.0
8103#8101,-1.0
1651#1655,1.0
1972#1980,1.0
1202#1203,1.0
3733#3734,-1.0
4038#4042,-1.0
2208#2213,1.0
1071#1082,1.0
6130#6140,1.0
5543#5547,1.0
2272#2277,-1.0
2133#2145,1.0
399#408,-1.0
2010#2023,1.0
14686#14687,-1.0
1257#1254,-1.0
8853#8854,1.0
1346#1342,1.0
11810#11811,-1.0
13057#13058,-1.0
8281#8283,1.0
882802#883524,-1.0
5603#5612,-1.0
1672#1674,1.0
4130#4134,-1.0
2876#2882,1.0
16045#16046,1.0
1173#1186,1.0
8768#8769,1.0
453#454,-1.0
1262#1273,-1.0
2201#2226,1.0
9762#9763,-1.0
6133#6134,1.0
1651#1656,1.0
2037#2042,1.0
2660#2674,1.0
5638#5641,1.0
8030#8040,-1.0
2030#2031,1.0
2209#2217,1.0
8030#8034,-1.0
6955#6954,1.0
3656#3668,-1.0
3269#3271,1.0
14329#14330,-1.0
2198#2232,1.0
8196#8174,-1.0
8875#8878,1.0
4303#4304,-1.0
2196#2198,1.0
8775#8780,1.0
15685#15654,-1.0
4929#4930,1.0
2209#2216,1.0
9245#9246,1.0
2219#2224,1.0
1847#1861,1.0
5637#5638,1.0
2869#2870,-1.0
13798#13799,-1.0
738#808,1.0
1303#1308,1.0
1257#1265,-1.0
5644#5651,1.0
2421#2423,1.0
591#589,-1.0
3656#3664,-1.0
6135#6138,1.0
8166#8175,-1.0
487#489,1.0
2444#2452,1.0
12895#12896,-1.0
60713#467790,1.0
11311#11312,-1.0
1318#1323,1.0
4439#4440,1.0
4653#4654,1.0
8174#8194,-1.0
1649#1654,1.0
3473#3474,-1.0
8775#8785,1.0
6935#6937,1.0
9443#9444,1.0
330#331,1.0
8248#8251,-1.0
8052#8058,-1.0
2544#2546,1.0
3538#3533,-1.0
8013#8014,-1.0
1991#1998,1.0
3821#3822,1.0
691#693,1.0
1253#1266,1.0
8439#8441,-1.0
5636#5651,1.0
4845#4846,-1.0
569#570,1.0
4549#4550,1.0
873#875,1.0
2593#2594,1.0
11356#11357,-1.0
7207#7208,1.0
2193#2224,1.0
3483#3489,-1.0
5605#5613,-1.0
1183#1186,1.0
9025#9039,1.0
2031#2040,1.0
1264#1258,-1.0
180625#377085,-1.0
168#172,-1.0
7700#7702,1.0
7921#7920,-1.0
464750#551314,-1.0
2084#2079,1.0
3635#3642,-1.0
8034#8035,-1.0
736#735,1.0
8778#8784,-1.0
7321#7297,1.0
11852#11853,-1.0
2206#2215,1.0
2792#2799,1.0
7881#7882,1.0
5877#5878,1.0
2220#2226,1.0
1991#2001,1.0
228#231,1.0
1126#1135,1.0
11886#11887,-1.0
8981#9002,1.0
935#936,1.0
1255#1286,1.0
453#455,1.0
14129#14130,-1.0
2034#2040,1.0
2037#2043,1.0
6165#6166,1.0
2212#2230,1.0
14857#14878,-1.0
14863#14918,-1.0
5679#5686,1.0
12838#12839,1.0
3487#3494,-1.0
2543#2546,1.0
4557#4558,-1.0
2835#2836,1.0
761#765,1.0
14349#14350,1.0
1510#1508,1.0
3705#3706,-1.0
6603#6604,1.0
2194#2206,1.0
8248#8259,-1.0
3637#3648,-1.0
15010#15014,-1.0
14172#14173,-1.0
4130#4131,-1.0
7225#7227,1.0
1836#1845,1.0
1979#1981,1.0
3236#3237,1.0
5638#5650,1.0
3081#3082,1.0
8956#8961,1.0
1342#1343,-1.0
230210#740160,-1.0
1905#1895,1.0
190#199,1.0
1255#1282,1.0
2222#2224,1.0
271#274,1.0
3948#3949,-1.0
2759#2761,1.0
2925#2929,-1.0
1977#1980,1.0
1833#1842,1.0
1251#1276,1.0
731#732,1.0
696533#745325,-1.0
7862#7863,1.0
2785#2796,1.0
1251#1256,1.0
688#694,1.0
486#489,1.0
894#900,1.0
850#851,1.0
12500#14611,-1.0
8843#8846,1.0
8347#8359,-1.0
4234#4237,-1.0
2401#2399,1.0
15959#15952,-1.0
7321#7300,1.0
403#409,-1.0
3307#3309,1.0
2553#2552,1.0
1307#1308,1.0
1353#1379,1.0
1363#1368,1.0
2034#2036,1.0
2513#2509,1.0
3694#3695,-1.0
13511#13512,-1.0
12722#12723,1.0
1379#1380,1.0
13474#13475,-1.0
15289#15293,1.0
5281#5282,1.0
661#666,1.0
2916#2917,1.0
2255#2256,1.0
9013#9014,1.0
9028#9038,1.0
2446#2452,1.0
8949#8956,-1.0
2192#2198,1.0
1848#1857,1.0
2471#2477,1.0
4333#4343,1.0
2079#2086,1.0
3307#3310,1.0
2792#2795,1.0
1998#2001,1.0
2800#2795,1.0
2199#2209,1.0
3538#3536,-1.0
3728#3735,-1.0
8166#8194,-1.0
2031#2036,1.0
2389#2401,1.0
7321#7313,1.0
1146#1157,1.0
8265#8270,-1.0
2133#2136,1.0
5565#5579,1.0
5441#5442,-1.0
6117#6123,1.0
874#879,1.0
4328#4333,1.0
3953#3948,-1.0
6697#6698,1.0
13370#13371,-1.0
8362#8359,-1.0
1301#1303,1.0
931#935,1.0
9860#9861,-1.0
1111#1109,1.0
2190#2206,1.0
7411#7413,1.0
194#199,1.0
1835#1844,1.0
965#967,1.0
9040#9048,1.0
3540#3541,1.0
412#413,1.0
5149#5150,1.0
8112#8114,1.0
10544#10545,-1.0
13603#13604,-1.0
3265#3266,1.0
4130#4136,-1.0
2117#2123,1.0
3635#3647,-1.0
1529#1531,1.0
5403#5404,1.0
2054#2058,1.0
6365#6369,1.0
8891#8896,1.0
1055#1057,1.0
5660#5665,1.0
2555#2562,1.0
8757#8762,-1.0
9027#9028,1.0
3305#3306,1.0
761#769,1.0
946#949,1.0
3936#3941,-1.0
5663#5665,1.0
958#960,1.0
191#199,1.0
1146#1156,1.0
1835#1842,1.0
3951#3948,-1.0
2392#2398,1.0
2190#2224,1.0
1125#1135,1.0
9140#9141,1.0
12480#12481,1.0
11219#11220,-1.0
8248#8265,-1.0
10633#10634,-1.0
9078#9080,1.0
3644#3648,-1.0
14213#14214,-1.0
2558#2559,1.0
3159#3160,-1.0
8375#8378,-1.0
2632#2633,1.0
8351#8358,-1.0
6130#6133,1.0
2302#2305,-1.0
11599#11600,-1.0
2550#2559,-1.0
1006#1007,1.0
2195#2207,1.0
1993#1997,1.0
456#461,-1.0
7535#7536,1.0
9017#9021,1.0
2394#2401,1.0
12220#12221,1.0
7473#7475,1.0
9997#10978,-1.0
2364#2370,1.0
8247#8270,-1.0
5411#5412,1.0
2498#2496,1.0
13953#13954,-1.0
11589#11590,-1.0
8025#8030,-1.0
3830#3831,-1.0
4112#4116,-1.0
2898#2902,1.0
8743#8740,1.0
6831#6836,1.0
8211#8209,-1.0
1264#1284,1.0
2037#2040,1.0
5564#5579,1.0
1762#1772,-1.0
13219#13220,-1.0
1255#1283,1.0
2223#2224,1.0
1858#1861,1.0
2191#2209,1.0
9040#9049,1.0
2190#2230,1.0
1479#1484,1.0
2295#2297,-1.0
1545#1556,1.0
824#829,1.0
11139#11140,-1.0
2450#2448,1.0
2474#2477,1.0
2303#2305,-1.0
3473#3477,-1.0
2893#2898,1.0
8078#8079,1.0
2213#2231,1.0
805#807,1.0
9153#9154,1.0
2293#2294,-1.0
1992#1997,1.0
1995#1997,1.0
7169#7170,1.0
164#168,1.0
7221#7170,1.0
3469#3473,-1.0
1192#1194,1.0
1253#1285,1.0
1249#1253,1.0
2194#2195,1.0
3618#3619,1.0
15370#15371,1.0
7602#7604,1.0
1632#1633,1.0
1714#1716,1.0
9283#9284,1.0
2425#2423,1.0
761#770,1.0
2191#2226,1.0
3761#3759,-1.0
1662#1663,1.0
4010#4011,-1.0
390#15,-1.0
5657#5665,1.0
8174#8188,-1.0
2481#2502,1.0
1694#1695,1.0
6133#6135,1.0
514104#727682,-1.0
8036#8034,-1.0
8267#8270,-1.0
8356#8359,-1.0
13159#13160,-1.0
2857#2865,1.0
6953#6954,1.0
3449#3451,1.0
5650#5651,1.0
9684#9685,-1.0
2147#2154,1.0
10484#10485,-1.0
1187#1194,1.0
7152#7150,1.0
2480#2503,1.0
2030#2037,1.0
185727#208661,-1.0
1373#1353,1.0
2216#2226,1.0
2447#2452,1.0
2077#2083,1.0
167#168,-1.0
5055#5056,1.0
8349#8351,-1.0
2195#2230,1.0
5654#5665,1.0
14554#14555,-1.0
1252#1251,1.0
3635#3646,-1.0
8513#8514,-1.0
230241#460603,-1.0
11121#11122,-1.0
8740#8747,1.0
2415#2416,1.0
11924#11925,-1.0
6956#6954,1.0
379#381,1.0
8878#8882,1.0
1146#1153,1.0
8299#8300,-1.0
4961#4962,1.0
8271#8272,1.0
5791#5792,1.0
11478#11479,-1.0
9040#9050,1.0
7217#7170,1.0
8746#8740,1.0
7321#7309,1.0
8053#8058,-1.0
950#947,1.0
6378#6380,1.0
8811#8813,1.0
3363#3366,-1.0
7808#7809,1.0
8740#8740,1.0
2195#2232,1.0
2206#2214,1.0
2592#2593,1.0
8032#8034,-1.0
1264#1281,-1.0
8792#8796,-1.0
9013#9019,1.0
12795#12796,1.0
12819#12820,-1.0
7197#7198,1.0
2452#2455,1.0
1164#1144,1.0
12374#12375,-1.0
1756#1757,1.0
15169#15170,1.0
825#829,1.0
6406#6407,-1.0
327#331,1.0
12848#12849,-1.0
100#104,1.0
3634#3650,-1.0
1987#1980,1.0
1971#1976,1.0
7832#7833,-1.0
1799#1797,1.0
8916#8926,1.0
3653#3656,-1.0
1257#1251,1.0
4038#4039,-1.0
5197#5198,-1.0
1833#1836,1.0
8246#8268,-1.0
3695#3708,-1.0
648#651,1.0
451#456,1.0
1363#1365,1.0
2493#2498,1.0
2224#2228,1.0
399#402,1.0
8950#8956,1.0
8792#8788,1.0
1967#1970,1.0
7321#7319,1.0
3687#3691,-1.0
12223#12224,1.0
1025#1028,1.0
1376#1379,1.0
2199#2206,1.0
12543#12544,1.0
2198#2227,1.0
892#898,1.0
11595#11596,1.0
11432#11433,-1.0
2190#2210,1.0
2450#2455,1.0
4054#4055,1.0
1975#1980,1.0
368#371,1.0
1968#1970,1.0
355#363,-1.0
3821#3825,1.0
897#900,1.0
8792#8793,-1.0
2034#2037,1.0
1156#1165,1.0
633#635,-1.0
8919#8918,1.0
5614#5607,-1.0
13194#13195,-1.0
1796#1797,1.0
802#810,-1.0
142075#219595,-1.0
6818#6820,1.0
2034#2032,1.0
11966#11967,-1.0
8952#8949,1.0
13270#13271,-1.0
2226#2227,1.0
1007#1011,1.0
3695#3702,-1.0
2497#2496,-1.0
3812#513653,-1.0
2884#2885,1.0
7803#7805,1.0
1108#1116,1.0
2010#2016,1.0
8083#8084,-1.0
610#606,-1.0
2031#2044,1.0
11728#11729,-1.0
10842#10843,-1.0
11380#11381,-1.0
4134#4138,-1.0
3687#3694,-1.0
8986#8987,1.0
804#810,-1.0
6274#6277,1.0
13621#13622,-1.0
1360#1367,1.0
1564#1566,1.0
500134#881647,-1.0
5572#5579,1.0
3182#3183,1.0
8987#8989,1.0
2206#2228,1.0
7604#7605,1.0
1822#1827,1.0
8296#8297,-1.0
1171#1165,1.0
399#409,-1.0
2221#2230,1.0
326#331,1.0
12192#12316,-1.0
7209#7212,1.0
4501#4502,1.0
11679#11680,1.0
5317#5318,1.0
5542#5547,1.0
12199#12200,-1.0
3366#3367,-1.0
2370#2373,1.0
2817#2835,1.0
465#459,1.0
2200#2213,1.0
8781#8775,1.0
68#70,1.0
2369#2373,1.0
8030#8035,-1.0
2033#2037,1.0
6471#6472,1.0
5544#5548,1.0
8195#8174,-1.0
1373#1380,1.0
9013#9015,-1.0
1264#1259,1.0
1663#1666,1.0
1144#1168,1.0
3520#3523,-1.0
1979#1980,1.0
100#106,1.0
531#532,1.0
819#820,1.0
5606#5607,-1.0
1820#1828,1.0
2213#2234,-1.0
2981#2982,-1.0
8558#8813,1.0
4116#4119,1.0
1262#1279,1.0
3492#3489,-1.0
2209#2234,-1.0
2198#2208,1.0
5571#5579,1.0
7665#7666,1.0
8891#8901,1.0
8577#8578,-1.0
1251#1281,1.0
6131#6138,1.0
5644#5638,1.0
2198#2233,1.0
12896#12897,-1.0
2195#2220,-1.0
2077#2081,1.0
8980#8987,1.0
7152#7151,1.0
2782#2800,1.0
3492#3487,-1.0
798#807,1.0
2079#2085,1.0
6132#6138,1.0
7667#7666,1.0
1846#1842,1.0
5684#5685,1.0
10277#10278,-1.0
394#15,-1.0
329#13,1.0
11687#11688,1.0
1181#1186,1.0
1855#1861,1.0
8987#8994,1.0
11597#11598,1.0
14889#14847,-1.0
3643#3648,-1.0
1661#1663,1.0
15#16,-1.0
776#784,1.0
3635#3649,-1.0
9127#9129,1.0
2194#2230,1.0
1905#1896,1.0
7879#7880,-1.0
6178#6179,1.0
14556#14557,-1.0
1558#1560,1.0
9311#9312,-1.0
2029#2018,1.0
761#767,-1.0
2363#2364,1.0
8166#8090,-1.0
66#67,1.0
274#275,1.0
5037#5038,1.0
1251#1283,1.0
1257#1269,1.0
8048#8050,1.0
10771#10772,-1.0
4197#4198,-1.0
2785#2800,1.0
5566#5579,1.0
1757#1759,1.0
13037#13038,-1.0
8248#8249,-1.0
2409#2414,1.0
10348#10349,-1.0
16015#16016,-1.0
8358#8359,-1.0
8246#8250,-1.0
1069#1070,1.0
5599#5613,-1.0
610#611,-1.0
1345#1342,1.0
326#13,1.0
869#875,1.0
15592#15593,-1.0
1442#1444,1.0
2207#2230,1.0
13715#13716,-1.0
2769#2792,1.0
7318#7320,1.0
7208#7209,1.0
7700#7703,1.0
8981#8996,1.0
6221#6222,1.0
227#228,1.0
11739#11740,-1.0
2783#2800,1.0
8166#8184,-1.0
1975#1976,1.0
1264#1273,1.0
754151#775378,-1.0
8984#8987,1.0
3690#3695,-1.0
1787#1789,1.0
2316#2318,-1.0
2380#2361,1.0
1071#1075,1.0
2204#2226,1.0
2196#2190,1.0
1978#1980,1.0
10330#10331,-1.0
1057#1058,1.0
6822#6823,1.0
9080#9083,1.0
2375#2361,1.0
6412#6413,1.0
3693#3705,-1.0
2472#2477,1.0
2198#2229,1.0
6347#6348,1.0
12789#12790,-1.0
11988#11989,-1.0
11219#11220,-1.0
798#804,1.0
1820#1822,1.0
1822#1823,1.0
399#401,1.0
453#459,1.0
857#867,1.0
119#121,1.0
942#944,1.0
12142#12143,-1.0
2147#2155,1.0
8851#8853,1.0
2193#2226,1.0
99#101,1.0
10510#10511,-1.0
5642#5638,1.0
1444#1451,1.0
9080#9090,1.0
8982#8987,1.0
738#807,1.0
1212#1213,1.0
2868#2871,-1.0
1261#1255,-1.0
870#879,1.0
2211#2224,1.0
2034#2030,1.0
11331#11332,-1.0
5077#5078,1.0
933#935,1.0
1419#1425,1.0
15713#15714,1.0
8248#8267,-1.0
6129#6133,1.0
3694#3709,-1.0
5605#5607,-1.0
8981#9003,1.0
8853#8861,1.0
14857#14858,-1.0
1857#1861,1.0
811#808,1.0
1285#529555,-1.0
8246#8267,-1.0
1146#1165,1.0
2369#2370,1.0
7515#7516,1.0
14946#14895,-1.0
15492#15533,-1.0
2009#2010,1.0
1508#1512,1.0
1687#1695,1.0
941#944,1.0
1255#1259,1.0
2895#2898,1.0
865#867,1.0
1396#1394,1.0
12971#12972,-1.0
3786#3788,-1.0
1651#1652,1.0
3699#3705,-1.0
126826#165769,1.0
953#960,1.0
5546#5547,1.0
1648#1654,1.0
7321#7317,1.0
5542#5548,1.0
10639#10640,-1.0
2195#2218,1.0
2827#2835,1.0
11603#11604,1.0
6132#6133,1.0
1823#1828,1.0
1985#1976,1.0
1821#1824,1.0
1373#1374,1.0
7844#7848,-1.0
4236#4238,-1.0
7594#7592,1.0
8090#8174,-1.0
2366#2370,1.0
1264#1276,1.0
2793#2796,1.0
14030#14031,-1.0
347#349,1.0
10406#10407,-1.0
14846#14847,1.0
1833#1835,1.0
8843#8844,-1.0
2193#2209,1.0
9089#9080,1.0
1255#1279,1.0
1834#1836,1.0
2228#2230,1.0
2416#2424,1.0
7480#7481,1.0
8174#8187,-1.0
5680#5676,1.0
3694#3704,-1.0
1824#1827,1.0
2457#2477,1.0
1853#1861,1.0
597#609,-1.0
356#362,1.0
8248#8261,-1.0
8771#8774,1.0
5455#5456,-1.0
5602#5613,-1.0
1946#1951,1.0
232345#882230,-1.0
807#809,1.0
7303#7320,1.0
11920#11921,-1.0
120#121,1.0
1842#1845,1.0
10619#10620,-1.0
7321#7314,1.0
2056#2058,1.0
4012#4014,-1.0
801#808,-1.0
2200#2206,1.0
2190#2214,1.0
2209#2223,1.0
1848#1856,1.0
8891#8898,1.0
2229#2226,1.0
2405#2409,1.0
2079#2088,1.0
3852#3853,1.0
6647#6649,1.0
5692#5686,1.0
5375#5376,-1.0
8981#8997,1.0
2441#2452,1.0
465#461,-1.0
4398#4401,1.0
2508#2521,-1.0
2363#2371,1.0
1394#1409,-1.0
1757#1761,1.0
5676#5686,1.0
3852#3854,1.0
2198#2226,1.0
2404#2409,1.0
15849#15850,-1.0
8557#8816,-1.0
2878#2887,1.0
7293#7320,1.0
2216#2224,1.0
1836#1843,1.0
2213#2217,1.0
1988#1980,1.0
5638#5652,1.0
2363#2370,1.0
15502#15546,-1.0
9040#9045,1.0
1905#1894,1.0
2497#2495,-1.0
8129#8130,1.0
10068#10069,-1.0
963#967,1.0
2224#2226,1.0
1146#1162,1.0
6130#6138,1.0
2632#2634,1.0
168#170,1.0
8355#8359,-1.0
5123#5124,1.0
1262#1271,-1.0
13538#13539,-1.0
5601#5612,-1.0
2553#2555,1.0
5685#5686,1.0
1848#1850,1.0
597#600,-1.0
326#330,1.0
4114#4116,-1.0
1574#1577,1.0
4979#4980,1.0
